subject,question,choice_A,choice_B,choice_C,choice_D,answer,answer_letter,error_type,correct_answer,potential_reason,source
high_school_mathematics,"A point $(x,y)$ is randomly picked from inside the rectangle with vertices $(0,0)$, $(3,0)$, $(3,2)$, and $(0,2)$. What is the probability that $x < y$?",\frac{1}{12},\frac{1}{6},\frac{2}{3},\frac{1}{3},3,D,ok,,,
abstract_algebra,"Find the degree for the given field extension Q(sqrt(2), sqrt(3)) over Q.",0,4,2,6,1,B,ok,,,https://www.youtube.com/watch?v=euyrRKJBg5k
virology,PreP is an effective strategy for reducing the incidence of HIV in:,Women,Drug users,Pregnant women,a. and b. above,1,B,bad_question_clarity,,Without additional context PReP may be effective for the other options ,Epidemiology 227 UCLA Final Examination 2011
college_computer_science,Which of the following sorting algorithms has average-case and worst-case running times of O(n log n)?,Bubble sort,Insertion sort,Merge sort,Quicksort,2,C,ok,,,Expert
electrical_engineering,"What are the sets of commands in a program which are not translated into machine instructions during assembly process, called?",Mnemonics,Directives,Identifiers,Operands,1,B,ok,,,
high_school_european_history,"This question refers to the following information.
Confidential—For Your Excellency's personal information and guidance
The Austro-Hungarian Ambassador yesterday delivered to the [German] Emperor [Wilhelm II] a confidential personal letter from the Emperor Francis Joseph [of Austria-Hungary], which depicts the present situation from the Austro-Hungarian point of view, and describes the measures which Vienna has in view. A copy is now being forwarded to Your Excellency. …
His Majesty desires to say that he is not blind to the danger which threatens Austria-Hungary and thus the Triple Alliance as a result of the Russian and Serbian Pan-Slavic agitation. … His Majesty will, furthermore, make an effort at Bucharest, according to the wishes of the Emperor Franz Joseph, to influence King Carol to the fulfilment of the duties of his alliance, to the renunciation of Serbia, and to the suppression of the Rumanian agitations directed against Austria-Hungary.
Finally, as far as concerns Serbia, His Majesty, of course, cannot interfere in the dispute now going on between Austria-Hungary and that country, as it is a matter not within his competence. The Emperor Franz Joseph may, however, rest assured that His Majesty will faithfully stand by Austria-Hungary, as is required by the obligations of his alliance and of his ancient friendship.
Theobald von Bethmann-Hollweg (chancellor of Germany), telegram to the German ambassador at Vienna, July 6, 1914
The best description of the context of Bethmann-Hollweg's telegram is",Germany's collaboration with Austria-Hungary during Germany's unification process,the Balkan Question and the Triple Alliance,Germany's rearmament in violation of the Treaty of Paris,Germany's negotiations with Austria-Hungary and Italy to create the Triple Alliance,1,B,ok,,,
business_ethics,What does Milton Friedman believe to be the sole responsibility of business?,The only social responsibility of business is to its shareholders,Managers should act in ways that balance the interest of society and shareholders,The primary responsibility organizations have is to its employees,The primary responsibility organizations have is to its stakeholders,0,A,ok,,,https://mcqmate.com/discussion/180235/what-does-milton-friedman-believe-to-be-the-sole-responsibility-of-business
econometrics,Suppose that the Durbin Watson test is applied to a regression containing two explanatory variables plus a constant with 50 data points. The test statistic takes a value of 1.53. What is the appropriate conclusion?,Residuals appear to be positively autocorrelated,Residuals appear to be negatively autocorrelated,Residuals appear not to be autocorrelated,The test result is inconclusive,3,D,ok,,,Introductory Econometrics for Finance - Chapter 4 (cambridge.org)
human_aging,People with which of the following forms of control are least likely to have accessibility problems where they live?,External,Internal,Primary,Total,1,B,ok,,,https://s3-eu-west-1.amazonaws.com/s3-euw1-ap-pe-ws4-cws-documents.ri-prod/9780205544011/Chapter%2013%20Multiple%20Choice.doc
professional_medicine,"A 24-year-old man comes to the office because of a 2-day history of a red, itchy rash on his buttocks and legs. Four days ago, he returned from a cruise to the Caribbean, during which he swam in the ship’s pool and used the hot tub. He appears well. His vital signs are within normal limits. Physical examination shows the findings in the photograph. The infectious agent causing these findings most likely began to proliferate in which of the following locations?",Apocrine gland,Dermis,Eccrine gland,Hair follicle,3,D,bad_question_clarity,,The question has an accompanying photograph,https://www.usmle.org/sites/default/files/2021-08/Step_1_Sample_Items.pdf
moral_scenarios,"For which of these two scenarios does the main character (who uses I/me/my) do something clearly morally wrong, according to ordinary moral standards in the US as of 2020? Scenario 1 | I let my children throw icicles at each other, since it's only water. Scenario 2 | On my evening walk, I notice a child has fallen in a shallow pond and appears to be drowning, so I wade in and pull the child out.","Wrong, Wrong","Wrong, Not wrong","Not wrong, Wrong","Not wrong, Not wrong",1,B,ok,,,
human_sexuality,What is cocaine abuse during pregnancy related to?,an increased risk of low birth weight babies,poorer growth and lower intelligence,smaller head circumference,all of the above,3,D,ok,,,https://www.marchofdimes.org/find-support/topics/pregnancy/cocaine-and-pregnancy
jurisprudence,Why does Dworkin support liberal egalitarianism?,Because it attempts to give effect to personal choice over individual luck.,Because liberty is more important than equality.,Because a market economy is just.,Because the state is the best arbiter of equality between individuals.,0,A,ok,,,
college_medicine,"In response to period of extreme psychological trauma, a patient begins experiencing a feeling of detachment. He says, “I felt like it wasn’t real while it was happening. I was just watching myself do it without any control. I mean, you know, I knew it was happening but I didn’t feel like it was.” The patient is describing:",Dissociative identity disorder,An anxiety disorder,Depersonalization disorder,A schizophrenic episode,2,C,ok,,,https://blog.blueprintprep.com/mcat/mcat-psychology-question-dissociative-disorder/
business_ethics,"Typical advertising regulatory bodies suggest, for example that adverts must not: encourage _________, cause unnecessary ________ or _____, and must not cause _______ offence.","Unsafe practices, Wants, Fear, Trivial","Unsafe practices, Distress, Fear, Serious","Safe practices, Wants, Jealousy, Trivial","Safe practices, Distress, Jealousy, Serious",1,B,ok,,,https://learninglink.oup.com/access/content/cranebe5e-student-resources/cranebe5e-chapter-8-multiple-choice-questions?previousFilter=tag_chapter-08
high_school_statistics,"A recent poll reported that 43% of Americans approve of the job the president is doing, with a margin of sampling error of ±3.2% at a 95% level of confidence. Which of these correctly interprets that margin of error?",There is a 3.2% percent chance that the proportion of all Americans who approve of the job the president is doing is not 43%.,There is a 95% chance that the proportion of all Americans who approve of the job the president is doing is 43%.,About 95% of polls conducted in this way will find that between 39.8% and 46.2% of those sampled approve of the job the president is doing.,About 95% of polls conducted in this way will give a sample proportion within 3.2 percentage points of the actual proportion of all Americans who approve of the job the president is doing.,3,D,ok,,,
logical_fallacies,Which of the following is another name for appeal to the people?,argument by consensus,appeal to beliefs,no true Scotsman,overlooked evidence,0,A,ok,,,
astronomy,Why are there no impact craters on the surface of Io?,Io did have impact craters but they have all been buried in lava flows.,It is too small to have been hit during the Late Heavy Bombardment,Jupiter's strong gravity attracted the planetesimals more strongly than Io and thus none landed on its surface.,Any craters that existed have been eroded through the strong winds on Io's surface.,0,A,ok,0,,"https://web.pa.msu.edu/courses/1999fall/ISP205/sec-3/galilean_moons_surfaces.html#:~:text=IO%3A,being%20resurfaced%20by%20volcanic%20activity."
astronomy,Approximately how long does it take Pluto to orbit the Sun once?,150 years,200 years,250 years,300 years,2,C,ok,2,,Expert
high_school_biology,Heterozygote advantage should be most closely linked to which of the following?,sexual selection,stabilizing selection,random selection,directional selection,1,B,ok,,,https://triyambak.org/index.php/free-resources/dbt-jrf-bet/practiceQuestion/22260
high_school_macroeconomics,Which of the following would be an example of fiat money?,Cigarettes used as money in prisons,Dollar bills,Gold coins,Arrowheads used as a medium of exchange,1,B,ok,1,,https://www.crackap.com/ap/macroeconomics/question-32.html
us_foreign_policy,The government body formed to coordinate American foreign and military policy is known as,the National Security Council.,the Pentagon.,the Defense Policy Institute.,the Joint Chiefs of Staff.,0,A,ok,,,https://pknock.com/Foreign.pdf
college_mathematics,"Suppose V is a real vector space of finite dimension n. Call the set of matrices from V into itself M(V). Let T be in M(V). Consider the two subspaces U = {X ∈ M(V) : TX = XT} and W = {TX − XT : X ∈ M(V)}. Which of the following must be TRUE?
I. If V has a basis containing only eigenvectors of T then U = M(V).
II. dim (U) + dim (W) = n^2
III. dim (U) < n",I only,II only,III only,I and II only,1,B,ok,,,Expert
high_school_biology,Which of the following statements correctly describes what happens to the preRNA during RNA processing?,Introns are removed in the nucleus. A 5′ cap and the poly-A tail are added after the preRNA leaves the nucleus.,Introns are removed and both a 5′ cap and a poly-A tail are added before the preRNA leaves the nucleus.,"Exons are removed and a 5′ cap is added before the preRNA leaves the nucleus. After leaving the nucleus, the poly-A tail is added.","Point mutations are repaired, exons are removed, and both a 5′ cap and a poly-A tail are added before the preRNA leaves the nucleus.",1,B,ok,,,https://www.crackap.com/ap/biology/question-228-answer-and-explanation.html
jurisprudence,Robert Nozick's proposes the formula r x H as a guide to determine the appropriate punishment. What does it mean?,Effectiveness of rehabilitation of multiplied by hazard to the community.,Extent of responsibility multiplied by actual harm done.,Risk of violence multiplied by degree of humility of offender.,Recidivism multiplied by defendant's history.,1,B,ok,,,
conceptual_physics,Clocks on a fast-moving spaceship whizzing past Earth appear to run slow when viewed from,inside the spaceship.,Earth.,Both of these.,Neither of these.,1,B,ok,,,"https://homework.study.com/explanation/clocks-on-a-fast-moving-spaceship-whizzing-past-earth-appear-to-run-slow-when-viewed-from-a-inside-the-spaceship-b-earth-c-both-of-these-d-neither-of-these.html#:~:text=According%20to%20this%20concept%20of,slower%20if%20viewed%20from%20Earth."
security_studies,Which of the following is essential to societal security?,Sovereignty.,Identity.,All of these options.,Hegemonic ethnicity.,1,B,ok,,,https://www.academia.edu/25358029/Contemporary_Security_Studies
sociology,Bernstein thought that using 'restricted codes' of language disadvantaged pupils at school because:,this pattern of speech made them the target of bullying,"they referred to explicit, context independent meanings",they prevented children from communicating outside of their peer groups,"they involved short, simple sentences with a small vocabulary",3,D,ok,,,https://global.oup.com/uk/orc/sociology/fulcher4e/01student/mcqs/ch09
high_school_european_history,"This question refers to the following information.
I am of opinion that the principal and true profession of the Courtier ought to be that of arms; which I would have him follow actively above all else, and be known among others as bold and strong, and loyal to whomsoever he serves. . . .
I would have him well built and shapely of limb, and would have him show strength and lightness and suppleness, and know all bodily exercises that befit a man of war; whereof I think the first should be to handle every sort of weapon well on foot and on horse, to understand the advantages of each, and especially to be familiar with those weapons that are ordinarily used among gentlemen. . . .
Our Courtier then will be esteemed excellent and will attain grace in everything, particularly in speaking. . . .
I would have him more than passably accomplished in letters, at least in those studies that are called the humanities, and conversant not only with the Latin language but with the Greek, for the sake of the many different things that have been admirably written therein. Let him be well versed in the poets, and not less in the orators and historians, and also proficient in writing verse and prose, especially in this vulgar [vernacular] tongue of ours. . . .
You must know that I am not content with the Courtier unless he be also a musician and unless, besides understanding and being able to read notes, he can play upon divers instruments. . . .
I wish our Courtier to guard against getting the name of a liar or a boaster, which sometimes befalls even those who do not deserve it.
—From Baldassare Castiglione's Book of the Courtier, 1528
Which of the following skills that Castiglione recommends for a courtier would be valued LEAST by a European gentleman at the end of the twentieth century?",Expertise with multiple languages,Being strong and attractive,Expertise with many kinds of weapons,Ability to write poetry and prose,2,C,ok,,,
college_chemistry,Which of the following is lower for argon than for neon?,Melting point,Boiling point,Polarizability,First ionization energy,3,D,ok,,,GRE Chemistry Practice Test
high_school_european_history,"This question refers to the following information.
""In 1500 that work appeared which Erasmus had written after his misfortune at Dover, and had dedicated to Mountjoy, the Adagiorum Collectanea. It was a collection of about eight hundred proverbial sayings drawn from the Latin authors of antiquity and elucidated for the use of those who aspired to write an elegant Latin style. In the dedication Erasmus pointed out the profit an author may derive, both in ornamenting his style and in strengthening his argumentation, from having at his disposal a good supply of sentences hallowed by their antiquity. He proposes to offer such a help to his readers. What he actually gave was much more. He familiarized a much wider circle than the earlier humanists had reached with the spirit of antiquity.
Until this time the humanists had, to some extent, monopolized the treasures of classic culture, in order to parade their knowledge of which the multitude remained destitute, and so to become strange prodigies of learning and elegance. With his irresistible need of teaching and his sincere love for humanity and its general culture, Erasmus introduced the classic spirit, in so far as it could be reflected in the soul of a sixteenth-century Christian, among the people. Not he alone; but none more extensively and more effectively. Not among all the people, it is true, for by writing in Latin he limited his direct influence to the educated classes, which in those days were the upper classes.
Erasmus made current the classic spirit. Humanism ceased to be the exclusive privilege of a few. According to Beatus Rhenanus he had been reproached by some humanists, when about to publish the Adagia, for divulging the mysteries of their craft. But he desired that the book of antiquity should be open to all.""
Johan Huizinga, twentieth-century Dutch philosopher, Erasmus and the Age of Reformation, 1924
What was the primary impact of ""Humanism ceas[ing] to be the exclusive privilege of the few""?",The populous demanded rights from the state.,People could begin to question the Church on a wider scale.,Latin replaced many of the vulgar languages throughout Europe.,European literature stagnated due to widespread interest in the writings of antiquity.,1,B,ok,,,
international_law,Which of the following articles are not qualified rights?,Article 3,Article 8,Article 9,Article 11,0,A,ok,,,
virology,MERS has four special characteristics and here we have one exception - which is it?,Spread by faecal oral route,Aerosol droplet transmission,Reservoir in bats,A conduit to humans via camels,2,C,wrong_groundtruth,A,Bad annotation,Human Virology 5e
public_relations,"Tyler and his wife have been won over by the advertising campaign supporting Stan Johnson, who is running for mayor, so they put a 'Vote for Stan Johnson in November' sign in their front yard. Tyler and his wife are engaging in ________, the third step of the advertising campaign.",identification,legitimacy,penetration,participation,3,D,ok,,,https://s3-eu-west-1.amazonaws.com/s3-euw1-ap-pe-ws4-cws-documents.ri-prod/9780205741588/Chapter_7_Quiz.doc
professional_psychology,In a study in which depressed individuals presenting for outpatient mental health treatment are randomly assigned to either cognitive behavioral or brief dynamic treatment and both groups are assessed at pretest and posttest:,A mixed model analysis of variance (ANOVA) could be used to analyze the data,The design includes one between-subjects factor and one within-subjects factor,Each factor comprises two levels,All of the above,3,D,ok,,,https://studylib.net/doc/26315949/bret-a.-moore--anne-klee-phd---eppp-fundamentals--review-...
human_aging,"When older and younger workers have lost their jobs, older workers typically",Find a job quicker because of their greater experience,Take longer to find a new job,Retire rather than search for a new job,Sue the company using the ADEA,1,B,ok,,,https://s3-eu-west-1.amazonaws.com/s3-euw1-ap-pe-ws4-cws-documents.ri-prod/9780205544011/Chapter%2011%20Multiple%20Choice.doc
miscellaneous,Ada Lovelace is credited with being the first person to have made what?,a computer program,a souffle,a brassiere,a mystery novel,0,A,ok,,,
abstract_algebra,Find the degree for the given field extension Q(sqrt(2) + sqrt(3)) over Q.,0,4,2,6,1,B,ok,,,"This extension is equal to the extension with sqrt(2), sqrt(3), which is degree 4 https://math.stackexchange.com/questions/93463/is-mathbbq-sqrt2-sqrt3-mathbbq-sqrt2-sqrt3
"
prehistory,How have archaeologists characterized the monuments built by the Olmec?,Halafian ritual monuments,megalithic chiefdoms,surplus food storage centers,regal-ritual centers,3,D,ok,,,https://global.oup.com/us/companion.websites/9780190275853/resources/ch9/quiz/
high_school_physics,Which of the following changes to a double-slit interference experiment would increase the widths of the fringes in the interference pattern that appears on the screen?,Use light of a shorter wavelength.,Move the screen closer to the slits.,Move the slits closer together.,Use light with a lower wave speed.,2,C,ok,,,https://www.cracksat.net/sat2/physics/question-202-answer-and-explanation.html
sociology,Industrial production in the nineteenth century was characterized by:,increasing numbers of women in high status positions,cottage industries and homeworkers doing piecework in the domestic sphere,the 'managerial revolution' by which ownership and control became separate,power-driven machinery and the concentration of workers in large workplaces,3,D,ok,,,https://global.oup.com/uk/orc/sociology/fulcher4e/01student/mcqs/ch17
moral_disputes,Which of the following is not an example Aquinas gives of a self-evident proposition?,"""Every whole is greater than its part.""","""The light of Thy countenance, O Lord, is signed upon us.""","""Things equal to one and the same are equal to one another.""","""Man is a rational being.""",1,B,ok,,,
formal_logic,Select the best translation into predicate logic: Either Taylor or Eric is a latte boy.,Lt ∨ Le,Lx ∨ Ly,tL ∨ eL,Tl ⊃ El,0,A,multiple_correct_answers,"A,B",Answer 1 is equivalent to answer 0 up to naming,Expert
college_computer_science,A starvation-free job-scheduling policy guarantees that no job waits indefinitely for service. Which of the following job-scheduling policies is starvation-free?,Round-robin,Priority queuing,Shortest job first,Youngest job first,0,A,ok,,,https://cgi.csc.liv.ac.uk/~trp/Teaching_Resources/COMP204/204-Lecture12.pdf
college_medicine,Codons are composed of:,triplet sequences of nucleotide bases in mRNA or DNA .,quadruplet sequences of nucleotide bases in mRNA or DNA.,triplet sequences of amino acids in polypeptide chains.,triplet sequences of deoxyribose sugars in DNA.,0,A,ok,,,https://global.oup.com/uk/orc/biosciences/biochem/gleeson2e/01student/mcqs/ch07/
high_school_psychology,"Which classical conditioning term best describes the following scenario: Later in his classical conditioning experiments, Ivan Pavlov's dogs began to salivate whenever they heard any sound similar to a bell, such as a doorbell or someone accidentally clinking a water glass.",discrimination,spontaneous recovery,trace conditioning,generalization,3,D,ok,,,https://www.crackap.com/ap/psychology/question-367-answer-and-explanation.html
college_physics,"Characteristic X rays, appearing as sharp lines on a continuous background, are produced when high-energy electrons bombard a metal target. Which of the following processes results in the characteristic X rays?",Electrons producing Čerenkov radiation,Electrons colliding with phonons in the metal,Electrons filling inner shell vacancies that are created in the metal atoms,Electrons combining with protons to form neutrons,2,C,ok,,,2017 GRE Physics Exam (GR1777 #11)
human_aging,Research has offered some longitudinal as well as cross sectional support for the theory put forth by,Peck,Foos,Levenson,Erikson,3,D,ok,,,https://s3-eu-west-1.amazonaws.com/s3-euw1-ap-pe-ws4-cws-documents.ri-prod/9780205544011/Chapter%209%20Multiple%20Choice.doc
college_biology,Which of the following tissues in an actively photosynthesizing plant would have the highest rate of oxygen production?,Cortex,Palisade mesophyll,Epidermis,Vascular cambium,1,B,ok,,,https://maktabkhooneh.org/mag/wp-content/uploads/2020/12/practice_book_biology.pdf
logical_fallacies,"When someone responds to your argument with a sarcastic statement such as, ""Yeah, right. Like that's ever going to happen,"" that person may have committed which fallacy?",appeal to indignation,appeal to spite,horse laugh,tu quoque,2,C,ok,,,https://en.wikipedia.org/wiki/Appeal_to_ridicule
college_mathematics,"Let f(x,y) = x^2 - 2xy + y^3 for all real x and y. Which of the following is true?",f has all of its relative extrema on the line x = y.,f has all of its relative extrema on the parabola x = y^2.,"f has a relative minimum at (0, 0).","f has an absolute minimum at (2/3, 2/3).",0,A,ok,,,Expert
astronomy,Which of the following is/are common feature(s) of all fresh (i.e. not eroded) impact craters formed on solid surfaces:,ejecta,raised rims,central peaks,A and B only,3,D,ok,3,,Expert
management,What is a Gantt chart a type of?,Work flow design,Work schedule design,Work rate design,Work output design,1,B,ok,,,https://global.oup.com/uk/orc/busecon/business/combe/student/mcqs/ch04/
high_school_world_history,"This question refers to the following information.
The invaders had brought in wheat and other Eurasian and African grains; peach, pear, orange, and lemon trees; chick-peas, grape vines, melons, onions, radishes, and much more. A Spanish nobleman come to America could require his Indians to furnish his table with the fruits of his ancestors.
—Alfred Crosby, historian, 1972
What economic practice is referred to by the phrase ""his Indians"" in the quote?",Slavery,Indentured servitude,The encomienda system,The apprentice system,2,C,ok,,,AP World History Practice Question 339
moral_scenarios,"For which of these two scenarios does the main character (who uses I/me/my) do something clearly morally wrong, according to ordinary moral standards in the US as of 2020? Scenario 1 | I left my dirty plates and mugs in the sink of the break room at work. Scenario 2 | I like to hug and kiss my wife, and buy her flowers.","Wrong, Wrong","Wrong, Not wrong","Not wrong, Wrong","Not wrong, Not wrong",1,B,ok,,,
international_law,What is the effects doctrine?,It posits that jurisdiction exists only when it is effective,The effects doctrine serves to confer jurisdiction on the State which has an effective link with the harmful conduct,The effects doctrine serves to confer jurisdiction on the State sharing the nationality of the offender,The effects doctrine serves to confer jurisdiction to the State on whose territory the conduct produces effects,3,D,ok,,,
us_foreign_policy,What accounted for the US avoidance of catastrophe at the hands of the British in 1814?,Naval victories,Diplomacy,British preoccupation with Europe,All of the above,3,D,ok,,,https://learninglink.oup.com/access/content/cox_stokes3e-student-resources/Chapter-4-Self-test-questions-88c
high_school_us_history,"This question refers to the following information.
""The economic ills we suffer have come upon us over several decades. They will not go away in days, weeks, or months, but they will go away. They will go away because we as Americans have the capacity now, as we've had in the past, to do whatever needs to be done to preserve this last and greatest bastion of freedom. In this present crisis, government is not the solution to our problem; government is the problem. . . .
""It is my intention to curb the size and influence of the Federal establishment and to demand recognition of the distinction between the powers granted to the Federal Government and those reserved to the States or to the people. All of us need to be reminded that the Federal Government did not create the States; the States created the Federal Government.""
—Ronald Reagan, First Inaugural Address, January 21, 1981
The conservative political revival that led to President Ronald Reagan's election in 1980 held the view that",political leaders in the 1960s and 1970s did not do enough to challenge the racial and economic status quo.,the United States had relied too heavily on military solutions and needed to pursue a more isolationist foreign policy.,religious leaders had become too assertive in governmental policy and had blurred the separation of church and state.,liberal laws and court decisions in the 1960s and a general moral decline were undermining the United States.,3,D,ok,,,https://www.crackap.com/ap/us-history/question-200-answer-and-explanation.html
moral_disputes,Which of the following best characterizes Rachels's argument?,"Both active and passive euthanasia involve the intentional termination of a human life with dignity; therefore, both are morally wrong.","Neither active nor passive euthanasia involves the intentional termination of a human life with dignity; therefore, both are morally permissible.","There is no inherent moral difference between killing and letting die; therefore, there is no inherent moral difference between active and passive euthanasia.","There is no inherent moral difference between killing and letting die; therefore, both active and passive euthanasia are morally wrong.",2,C,ok,,,
college_chemistry,The Henry’s law constant for CO2 dissolved in water at 25°C is 30.0 atm M^−1. The concentration of dissolved CO2 in a vessel pressurized with 2.0 atm of CO2 is,1.5 M,0.15 M,0.067 M,0.015 M,2,C,ok,,,GRE Chemistry Practice Test
high_school_computer_science,"An algorithm will be used to identify the maximum value in a list of one or more integers. Consider the two versions of the algorithm below.

 Algorithm I :  Set the value of a variable max to -1. Iterate through the list of integer
   values. If a data value is greater than the value of the variable max, set
  max to the data value.
 Algorithm II : Set the value of a variable max to the first data value. Iterate through the
   remaining values in the list of integers. If a data value is greater than the
   value of the variable max, set max to the data value.

 Which of the following statements best describes the behavior of the two algorithms?",Both algorithms work correctly on all input values.,"Algorithm I always works correctly, but Algorithm II only works correctly when the maximum value is not the first value in the list.","Algorithm II always works correctly, but Algorithm I only works correctly when the maximum value is greater than or equal to -l.",Neither algorithm will correctly identify the maximum value when the input contains both positive and negative input values.,3,D,ok,,,
philosophy,"For Plato, ordinary sensible objects exist and are knowable as examples or instances of Ideas or ""Forms"" that do not exist in our ordinary sensible world.  Forms do not exist in the sensible world because:","in the sensible world only mathematical objects (e.g., triangles) can be known using hypotheses which are recollected when we are asked the right kinds of questions.","unlike everything in the sensible world, Forms are not individual things but rather the universal essences or natures by which individual things are what they are and are known.","nothing in the sensible, experienced world could exist or be identified as one particular thing or another unless there were a ""Sensible World"" Form (like the Form of beauty or justice).","the sensible world consists of changing Forms that exist and are known in terms of other changing Forms, which in turn exist and are known in terms of yet others in an endless regress.",1,B,ok,,,https://people.tamu.edu/~sdaniel/quest2.html
high_school_world_history,"This question refers to the following information.
No task is more urgent than that of preserving peace. Without peace our independence means little. The rehabilitation and upbuilding of our countries will have little meaning. Our revolutions will not be allowed to run their course. What can we do? We can do much! We can inject the voice of reason into world affairs. We can mobilize all the spiritual, all the moral, all the political strength of Asia and Africa on the side of peace. Yes, we! We, the peoples of Asia and Africa, 1.4 billion strong.
Indonesian leader Sukarno, keynote address to the Bandung Conference, 1955
The passage above is most associated with which of the following developments?",The formation of the non-aligned movement,Global disarmanent and nuclear non-proliferation,The Green Revolution in agriculture,Mobilization of pan-Asian ideology,0,A,ok,,,AP World History Practice Question 260
college_physics,A rod measures 1.00 m in its rest system. How fast must an observer move parallel to the rod to measure its length to be 0.80 m?,0.50c,0.60c,0.70c,0.80c,1,B,ok,,Redundant with #4,2017 GRE Physics Exam (GR1777 #34)
college_medicine,The transcription of DNA to a molecule of messenger RNA occurs:,on the ribosomes.,in the cytosol.,in the nucleus.,only during cell division.,2,C,ok,,,https://global.oup.com/uk/orc/biosciences/biochem/gleeson2e/01student/mcqs/ch07/
astronomy,When was the telescope invented by Galileo?,1409,1509,1609,1709,2,C,ok,2,,"https://www.loc.gov/collections/finding-our-place-in-the-cosmos-with-carl-sagan/articles-and-essays/modeling-the-cosmos/galileo-and-the-telescope#:~:text=After%20hearing%20about%20the%20%22Danish,focused%20on%20refining%20the%20instrument."
computer_security,"In Message Condentiality, the transmitted message must make sense to only intended",Receiver,Sender,Modulor,Translator,0,A,ok,,,https://www.transtutors.com/questions/in-message-confidentiality-the-transmitted-message-must-make-sense-to-only-intend-a--6512958.htm
abstract_algebra,Statement 1 | Every free abelian group is torsion free. Statement 2 | Every finitely generated torsion-free abelian group is a free abelian group.,"True, True","False, False","True, False","False, True",0,A,ok,,,"1: https://math.stackexchange.com/questions/117547/a-free-abelian-group-is-torsion-free
2: https://math.stackexchange.com/questions/1399573/finite-generated-abelian-torsion-free-group-is-a-free-abelian-group"
abstract_algebra,"Statement 1 | If T: V -> W is a linear transformation and dim(V ) < dim(W) < 1, then T must be injective. Statement 2 | Let dim(V) = n and suppose that T: V -> V is linear. If T is injective, then it is a bijection.","True, True","False, False","True, False","False, True",0,A,bad_question_clarity,0,"Statement 2 is true and well defined. 
However, statement 1 is not well defined: The dimension of a vector space is a nonnegative number, and since dim(V) < dim(W) < 1, this means dim(V) has to be negative. Taking this statement literally, the implication is vacuously true as the premise cannot be satisfed, but I doubt that was what the question is trying to test. ",https://math.stackexchange.com/questions/3929724/if-linear-map-onto-itself-is-bijective-given-that-it-is-injective
world_religions,The Jataka tales are a collection of which genre of stories?,Life stories,Warrior stories,Birth stories,Hero stories,2,C,ok,,,https://learninglink.oup.com/access/content/amore4e-student-resources/amore4e-chapter-10-self-quiz
high_school_chemistry,The first ionization energy for a neutral atom of chlorine is 1.25 MJ/mol and the first ionization energy for a neutral atom of argon is 1.52 MJ/mol. How would the first ionization energy value for a neutral atom of potassum compare to those values?,It would be greater than both because potassium carries a greater nuclear charge then either chlorine or argon.,It would be greater than both because the size of a potassium atom is smaller than an atom of either chlorine or argon.,"It would be less than both because there are more electrons in potassium, meaning they repel each other more effectively and less energy is needed to remove one.",It would be less than both because a valence electron of potassium is farther from the nucleus than one of either chlorine or argon.,3,D,ok,,,www.crackap.com - AP Chemistry Question 29
professional_accounting,"If the correlation between Securities A and B is −0.20, and their respective standard deviations are 8% and 18%, what is the standard deviation of a portfolio with one quarter invested in A and three quarters invested in B?",8.70%,13.20%,54%,6.60%,1,B,no_correct_answer,13.20%,"Again very minor, but the correct answer is ~13.24, which _is_ different from 13.20! Probably a parsing issue. The source gives 13.2% instead. ",https://quizlet.com/424851259/finance-primer-flash-cards/?isSignupSession
us_foreign_policy,Which of the following are possible constraints on US foreign policy decision making?,Foreign policies of other states,International law,Intergovernmental organizations,All of the above,3,D,ok,,duplicated question,http://dmgibler.people.ua.edu/uploads/1/3/8/5/13858910/exam1.pdf
high_school_statistics,The main purpose of blocking in an experiment is to:,reduce bias.,reduce confounding.,reduce variation within treatments.,reduce variation between treatments.,2,C,ok,,,
high_school_computer_science,"In a certain country, a person must be at least 16 years old to drive a car and must be at least 18 years old to vote. The variable age represents the age of a person as an integer. Which of the following expressions evaluates to true if the person is old enough to drive but not old enough to vote, and evaluates to false otherwise?
 I. (age ≥ 16) AND (age ≤ 18)
 II. (age ≥ 16) AND (NOT(age ≥ 18))
 III. (age < 18) AND (NOT(age < 16))",II only,I and II only,I and III only,II and III only,3,D,ok,,,
econometrics,Which of the following statements concerning the regression population and sample is FALSE?,The population is the total collection of all items of interest,The population can be infinite,"In theory, the sample could be larger than the population",A random sample is one where each individual item from the population is equally likely to be drawn.,2,C,ok,,,"Introductory Econometrics for Finance - Chapter 1,2 (cambridge.org)"
philosophy,Gauthier claims that moral agreements that are equally favorable to all parties are desirable because they:,satisfy our desire for fairness.,satisfy the conceptual constraint against exploitation.,maximize the productivity of society.,invite the stable compliance of everyone.,0,A,ok,,,https://quizlet.com/460462237/ethics-unit-3-flash-cards/
abstract_algebra,The polynomial x^4 + 4 can be factored into linear factors in Z_5[x]. Find this factorization.,(x − 2)(x + 2)(x − 1)(x + 1),(x+1)^4,(x-1)(x+1)^3,(x-1)^3(x+1),0,A,ok,,,"Zeroes: 2 (gives 20), Since it's an even polynomial, also -2, 1 (gives 5), and -1. "
virology,"A case-control study is conducted to assess the association between alcohol consumption and lung cancer patients with lung cancer and 100 controls are asked about their past alcohol consumption. According to the study results, alcohol consumption is strongly associated with lung cancer (OR = 2.5). The researchers then divide the study subjects into two groups: smokers and non-smokers. Subsequent statistical analysis does not reveal any association between alcohol consumption and lung cancer within either group. The scenario described is an example of which of the following?",Observer bias,Confounding,Placebo effect,Nonresponse bias,1,B,ok,,,Biostatistics and Epidemiology Step 1 Sample Questions Medical University of South Carolina
professional_medicine,"A 15-year-old boy is brought to the emergency department by his parents because of a 2-hour history of confusion and agitation. He also has had fever, headache, stiff neck, and vomiting since he returned from summer camp 2 days ago. His parents say he does not use illicit drugs. On arrival, he is combative and there is evidence of hallucinations. His temperature is 40°C (104°F), pulse is 80/min, respirations are 17/min, and blood pressure is 100/70 mm Hg. A lumbar puncture is performed. Results of cerebrospinal fluid analysis show cysts and trophozoites. The most likely portal of pathogen entry into this patient's central nervous system is which of the following?",Facial nerve,Frontal sinus,Mastoid sinus,Olfactory nerve,3,D,ok,,,https://www.usmle.org/sites/default/files/2021-08/Step_1_Sample_Items.pdf
virology,"Viruses have encouraged us to change our world, as we have now:",Eradicated smallpox,Eradicated polio,Increased hygiene,A better understanding of how cellular genes aid virus replication and so become a target for new drugs,0,A,ok,,,
world_religions,Which of the following terms denote the Japanese art of flower arranging?,Zazen,Tariki,Kami,Ikebana,3,D,ok,,,https://learninglink.oup.com/access/content/amore4e-student-resources/amore4e-chapter-12-self-quiz
astronomy,How did Eratosthenes estimate the size of Earth in 240 B.C.?,By observing the duration of a solar eclipse.,By measuring the size of Earth's shadow on the Moon in a lunar eclipse.,By comparing the maximum altitude of the Sun in two cities at different latitudes at the same time on the same day.,By sending fleets of ships around Earth.,2,C,ok,,,Expert
world_religions,Which is the largest Muslim country in the world with more than 200 million adherents?,Pakistan,Iraq,Indonesia,Turkey,2,C,ok,,This may be time dependent as more countries may have more muslim population in the future,https://learninglink.oup.com/access/content/amore4e-student-resources/amore4e-chapter-6-self-quiz
high_school_biology,"When we say that an individual organism has a greater fitness than another individual, we specifically mean that the organism",lives longer than others of its species.,competes for resources more successfully than others of its species.,mates more frequently than others of its species.,leaves more viable offspring than others of its species.,3,D,ok,,,https://www.easynotecards.com/notecard_set/88453
machine_learning,Consider the Bayesian network given below. How many independent parameters are needed for this Bayesian Network H -> U <- P <- W?,2,4,8,16,2,C,ok,,,Expert
high_school_geography,Which one of the following North American associations is NOT correct?,Southeast—African Americans,Oklahoma and the Southwest—Native Americans,Quebec and northern Maine—French Americans and French Canadians,Southern prairie provinces—African Americans,3,D,ok,,,www.crackap.com - AP Human Geography Question 71
professional_medicine,"A 22-year-old man is brought to the emergency department 30 minutes after he sustained a gunshot wound to the abdomen. His pulse is 120/min, respirations are 28/min, and blood pressure is 70/40 mm Hg. Breath sounds are normal on the right and decreased on the left. Abdominal examination shows an entrance wound in the left upper quadrant at the midclavicular line below the left costal margin. There is an exit wound laterally in the left axillary line at the 4th rib. Intravenous fluid resuscitation is begun. Which of the following is the most appropriate next step in management?",CT scan of the chest,Intubation and mechanical ventilation,Peritoneal lavage,Left tube thoracostomy,3,D,ok,,,http://dromersenturk.com/down/ornek_sorular/USMLE-Step-2.pdf
professional_law,"An on-duty Police Officer hears breaking glass and a blaring alarm, and sees Stan run out of a darkened liquor store at 3 a.m. Stan runs around the corner, out of Officer's view, and hops into a car. Officer sees Stan drive away and pursues, lights flashing. Stan pulls over and Officer arrests him. Officer sees nothing in the passenger compartment, but pops the trunk and finds cash and a baseball bat. Stan's motion to suppress the cash and baseball bat as evidence will likely be","Denied, because the Officer had probable cause to search the trunk.","Denied, because a search incident to a valid arrest in an automobile always includes the trunk of the automobile.","Granted, because the trunk area was out of the range of Stan's control.","Granted, because the arrest was illegal and therefore the evidence is considered to be fruit of the poisonous tree.",0,A,ok,,,
electrical_engineering,Snubber circuit is used with SCR,in series.,in parallel.,either series or parallel.,anti parallel.,1,B,ok,,,
high_school_psychology,Research indicates that which of the following factors most influence a person's sexual orientation?,parenting style,masculine/feminine personality traits,hormones released in the womb,sexual orientation of parents,2,C,ok,,,https://www.crackap.com/ap/psychology/question-372-answer-and-explanation.html
elementary_mathematics,"A company makes 5 blue cars for every 3 white cars it makes. If the company makes 15 white cars in one day, how many blue cars will it make?",9,13,17,25,3,D,ok,3,,
electrical_engineering,The ROM programmed during manufacturing process itself is called,MROM,PROM,EPROM,EEPROM,0,A,ok,,,
professional_medicine,"A 54-year-old man comes to the physician because of episodes of fainting for 3 months. He also has had difficulty performing daily tasks because he is easily fatigued. He had a myocardial infarction 12 years ago. His pulse is 40/min, respirations are 18/min, and blood pressure is 138/85 mm Hg. Physical examination shows evidence of cannon a waves. An ECG shows a P-wave rate of 90/min, and an R-wave rate of 40/min, with no apparent relation between the two. Which of the following is the most likely diagnosis?",Right bundle branch block,"Second-degree atrioventricular block, type I","Second-degree atrioventricular block, type II",Third-degree atrioventricular block,3,D,ok,,,https://www.usmle.org/sites/default/files/2021-08/Step_1_Sample_Items.pdf
college_medicine,Fast-twitch fibres contain:,a relatively large number of mitochondria and low ATPase activity.,a relatively small number of mitochondria and low ATPase activity.,a relatively small number of mitochondria and high ATPase activity.,a relatively large number of mitochondria and high ATPase activity.,2,C,ok,,,https://global.oup.com/uk/orc/biosciences/biochem/gleeson2e/01student/mcqs/ch02/
high_school_geography,"If I wanted to ship a small piece of very valuable jewelry to my aunt who lives in Poughkeepsie, which mode of transportation makes the most sense?",Truck,Air,Ship,Railroad,1,B,ok,,,www.crackap.com - AP Human Geography Question 191
high_school_government_and_politics,Which of the following most accurately states the impact of the Civil Rights Act of 1964 on school desegregation in the South?,"Because it included no enforcement provisions, the Civil Rights Act of 1964 had no appreciable effect on school desegregation.","By overturning the ""separate but equal"" principle, the Civil Rights Act of 1964 ended segregation in public schools.",The Civil Rights Act of 1964 hastened school desegregation by cutting off federal funds to discriminatory school systems.,The Civil Rights Act of 1964 sent federal troops to every segregated public school in the South to force school desegregation.,2,C,ok,,,https://www.crackap.com/ap/us-government-and-politics/question-94.html
high_school_macroeconomics,If nominal GDP equals $6000 and the GDP deflator equals 200 then real GDP equals,$30 ,"$3,000 ","$12,000 ","$1,200 ",1,B,ok,1,,https://www.crackap.com/ap/macroeconomics/question-123.html
astronomy,All of the following have been cited as evidence for the Giant Impact Hypothesis except:,The relative size of the Moon to the size of Earth is large compared to most planets and their moon.,Most rocks on the Moon’s surface are older than those on the Earth’s surface.,The Moon has a much smaller iron core than the Earth even considering its size.,The Moon was once entirely molten.,1,B,ok,1,,https://en.wikipedia.org/wiki/Giant-impact_hypothesis
business_ethics,Sustainability can broadly be defined as,"The short-term maintenance of systems according to environmental, economic and social considerations","The long-term maintenance of processes according to environmental, economic and cultural considerations.","The short-term maintenance of systems according to environmental, political and social considerations.","The long-term maintenance of systems according to environmental, economic and social considerations.",3,D,ok,,,https://learninglink.oup.com/access/content/cranebe5e-student-resources/cranebe5e-chapter-1-multiple-choice-questions?previousFilter=tag_chapter-01
