question_id,question,choice_A,choice_B,choice_C,choice_D,choice_E,choice_F,choice_G,choice_H,choice_I,choice_J,answer,answer_index,category,src,cot_content,split
2723,"According to the Gestalt organizing principles of perception, when you look at, ""i n car n a t e,"" you tend to notice the word car rather than in, nate, at, or ate, because of",symmetry,complexity,novelty,similarity,proximity,continuity,the phi phenomenon,common fate,closure,,E,4,psychology,ori_mmlu-high_school_psychology,,test
2973,Why would one call a flock of birds a \textquotedblleftsociety\textquotedblright?,Birds form societies to find food,A flock of birds can be considered an elementary form of society called a motion group. They communicate with one another in order to stay together as they move from place to place. The cooperative behavior enables them to more efficiently detect and avoid predators.,A flock of birds is called a society because they display human-like social structures.,Birds are classified as a society because they share a common language and culture.,Birds form societies to perform complex problem-solving tasks as a group.,Birds form societies to migrate together to the same location every year.,Birds are considered a society because they are governed by a single leader.,Birds form societies primarily for mating purposes.,Birds form societies for social interaction,Birds form societies to build nests together,B,1,biology,stemez-Biology,,test
6091,The houses of the future may allow you to operate virtually everything in the house from a central terminal; such a house is already in production and is referred to as,Remotehouse,E-House,Digitalhouse,Compuhouse,Autohouse,Smarthouse,IntelliHouse,Technohouse,Cyberhouse,Futurehouse,F,5,health,ori_mmlu-human_aging,,test
499," Once referred to as a multibrand policy, this branding strategy requires that each product offered by an organization is branded independently of all the others. This is known as:",Multi-product branding.,Sub-branding.,Mixed branding.,Family branding.,Corporate brands.,Individual branding.,Co-branding.,Private labels.,Masterbrand.,Brand extension.,F,5,business,ori_mmlu-marketing,,test
5889,According to a famous line from the existentialist play 'No Exit' what is hell?,a place of fire and brimstone,large hued in green and blue,a state of mind,endless suffering,other people,a place of eternal loneliness,little made,a world without freedom,an empty room,oneself,E,4,other,ori_mmlu-miscellaneous,,test
1461,"A state highway runs through the center of a city's business district. As the highway passes through this business district, there is a stretch where the highway is too narrow to satisfS' the safety standards for state roadways. Along this narrow stretch and on opposite sides of the street are located two businesses. Situated on the east side of the street is a bar and grill; directly across the street on the west side is a lounge. In order to comply with state highway regulations, the state highway department, acting pursuant to state statute, ordered the city to prohibit parking on one side of the highway within the business district. The city council convened a special meeting to determine whether parking should be prohibited on the east or west side of the street. During the meeting, the council was unable to resolve the issue. Finally, the city council president decided the only fair way to resolve the matter was to flip a coin. After the coin flip, the city prohibited parking at all times on the west side of the highway. On account of this decision, parking in front of the lounge was permanently prohibited. This caused the lounge to suffer a substantial decline in business because of the unavailability of on-street parking. As a consequence, the owner of the lounge brought suit for declarative relief against the city alleging that the parking ban on his side of the street was unconstitutional. In all likelihood, will the plaintiff be successful in this cause of action?","No, because as a governmental entity, the city enjoys immunity from such suits under the Eleventh Amendment.","No, because the city was acting in accordance with state highway safety regulations.","Yes, because the action of the city violated the equal protection clause of the Fourteenth Amendment.","No, because the city's action was reasonable.","Yes, because the city council failed to consider the economic impact of their decision on the lounge.","No, because the city council president's decision to flip a coin was arbitrary and capricious.","No, because the state highway department's order supersedes any claim by the lounge owner.","Yes, because the prohibition of parking constitutes a taking of property without just compensation.","Yes, because the city council's decision unfairly targeted businesses on the west side of the street.",,D,3,law,ori_mmlu-professional_law,,test
8195,"Assuming we are underground, and the only thing we can observe is whether a person brings an umbrella or not. The weather could be either rainy or sunny. Assuming the P(rain)=0.6 and P(sunny)=0.4. Assuming the weather on day $k$ is dependent on the weather on day $k-1$. We can write the transition probability as P(sunny $\mid$ sunny) = P(rain $\mid$ rain) = 0.7. The person has 60\% chance to bring an umbrella when the weather is rainy, and 40\% chance to bring an umbrella when the weather is sunny, i.e. P(umbrella $\mid$ rain) = 0.6 and P(umbrella $\mid$ sunny) = 0.4. If we observe that the person (1) brought an umbrella on day 1, (2) did not bring an umbrella on day 2, (3) brought an umbrella on day 3, (4) did not bring an umbrella on day 4.  What are the most likely weather from day 1 to day 4? Return the answer as a list of binary values, where 1 represents rain and 0 represents sunny.","[1, 1, 0, 0]","[0, 0, 0, 0]","[0, 1, 0, 0]","[1, 0, 1, 1]","[0, 0, 1, 1]","[1, 0, 0, 1]","[1, 0, 1, 0]","[0, 1, 0, 1]","[0, 1, 1, 0]","[1, 1, 1, 1]",J,9,math,theoremQA-Math,,test
8212,"For any poitie integer $n$, let $\langle n\rangle$ denote the closest integer to $\sqrt{n}$. Evaluate $\sum_{n=1}^{\infty} \frac{2^{\langle n \rangle}+2^{-\langle n \rangle}}{2^n}$.",7.0,2.0,4.5,1.0,5.0,6.0,4.0,2.5,3.0,8.0,I,8,math,theoremQA-Math,,test
2069,"Dr. Carl Carlson is a licensed psychologist and professor in the psychology department at a large university. He is approached by a graduate student, Marla M., age 36, who asks him if he’d like to attend a baseball game on Friday night. Dr. Carlson is divorced and finds Marla to be a very attractive woman. In terms of ethical guidelines, if Dr. Carlson accepts Marla’s invitation, he will be:",acting ethically as long as he discloses the relationship to his colleagues in the psychology department.,clearly violating ethical guidelines.,acting unethically only if their relationship affects Marla's academic performance.,acting ethically as long as Marla is a student in a department other than the psychology department and will not be taking any classes in the psychology department.,acting ethically as long as he does not become sexually involved with Marla until she is no longer affiliated with the university.,acting ethically since he is not the one who initiated a potential relationship.,"clearly violating ethical guidelines, unless he has received permission from the university.",acting ethically as long as he does not date any other students in the university.,acting unethically only if Marla is currently enrolled in one of his classes.,acting ethically as long as he maintains a professional relationship with Marla.,D,3,psychology,ori_mmlu-professional_psychology,,test
4590,How much water must be added to 5 gallons of 90% ammonia solution to reduce the solution to a 60% solution?,2.5 gallons,1 gallon,5 gallons,3.5 gallons,0.5 gallons,2 gallons,1.5 gallons,4 gallons,3 gallons,4.5 gallons,A,0,chemistry,stemez-Chemistry,,test
3850,What is the pH of a 0.001 M aqueous solution of the strong electrolyte KOH? The dissociation constant for water is K_w= 10^-14 mole^2/liter^2.,13,14,10,9,12,6,7,11,10.5,8,H,7,chemistry,stemez-Chemistry,,test
11920,"Calculate the horsepower output, torque, and efficiency of a shunt motor from the following data: I_l= 19.8 amperes E_l= 230 volts Balance reading = 12 lbs. corrected for zero reading Brake arm = 2 ft. Speed = 1100 r/min","6.03 hp, 24 lb. ft., 82.4%","5.03 hp, 25 lb. ft., 82.4%","5.50 hp, 23 lb. ft., 81.5%","4.95 hp, 23 lb. ft., 84.2%","5.03 hp, 24 lb. ft., 80.4%","5.03 hp, 26 lb. ft., 83.5%","6.50 hp, 26 lb. ft., 79.8%","4.50 hp, 22 lb. ft., 85.0%","5.03 hp, 24 lb. ft., 82.4%","6.03 hp, 25 lb. ft., 80.4%",I,8,engineering,stemez-ElectricalMachines,,test
5379,In 1965 how many Americans thought that sending troops to Vietnam was a mistake?,75%,85%,50%,10%,65%,55%,45%,95%,25%,30%,I,8,other,ori_mmlu-global_facts,,test
11004, Which of the following is an example of a duty that corresponds to a right to goods and service?,John's duty to return to Mary that car that he borrowed from her,John's duty to allow Mary to pursue goals that she values,John's duty to not harm Mary,John's duty to not commit suicide,,,,,,,A,0,philosophy,ori_mmlu-moral_disputes,,test
5570,"Joe is the trustee of a trust set up for his father. Under the Internal Revenue Code, when Joe prepares the annual trust tax return, Form 1041, he",May sign the return but must include a separate statement explaining his relationship to the trust.,May not sign the return unless he is also named as a co-trustee.,Can only sign the return if he is also a certified public accountant.,Is considered a tax return preparer only if he is also the beneficiary of the trust.,May not sign the return unless he receives additional compensation for the tax return.,Must obtain the written permission of the beneficiary prior to signing as a tax return preparer.,Is considered a tax return preparer because his father is the grantor of the trust.,Is not considered a tax return preparer.,Is not considered a tax return preparer unless he personally benefits from the trust's assets.,Is considered a tax return preparer and must pay a fee to the IRS for this service.,H,7,other,ori_mmlu-professional_accounting,,test
3786,"The dielectric constant of gaseous SO_2 is 1.00993 at 273 K and 1.00569 at 373 K, at P = 1 atm. Calculate the dipole moment of SO_2. Assume ideal gas behavior.",1.88 D,1.63 D,1.30 D,1.45 D,0.97 D,1.75 D,1.92 D,2.15 D,2.05 D,1.20 D,B,1,chemistry,stemez-PhysicalChemistry,,test
7179,Which of the following statements is INCORRECT concerning a comparison of the Box-Pierce Q and the Ljung-Box Q* statistics for linear dependence in time series?,"Asymptotically, the values of the two test statistics will be equal",The Q test has better small-sample properties than the Q*,The Q test is sometimes over-sized for small samples,"As the sample size tends towards infinity, both tests will show a tendency to always reject the null hypothesis of zero autocorrelation coefficients.",,,,,,,B,1,economics,ori_mmlu-econometrics,,test
8678,"A shelf has four books on it. The weight, in pounds, of each of the four books on the shelf is 2.5, 3.2, 2.7, 2.3 Which inequality represents the weight, w, of any book chosen from the shelf?",w > 3.2,w > 2.9,w > 2.3,w > 2.5,w < 3.2,w < 2.4,w < 2.7,w > 3.0,w < 3.3,w < 3.1,I,8,math,ori_mmlu-elementary_mathematics,,test
10863," Select the best English interpretation of the given arguments in predicate logic.
Wn ∨ Wm
(∀x)[Lx ⊃ (Dx ⊃ ~Wx)]
Ln • Dn	/ ~(∀x)~Wx",Either Nancy or Marvin are at work. All lawyers are not at work if they are out to dinner. Nancy is a lawyer and not out to dinner. So not everything is not at work.,Either Nancy or Marvin are at work. All lawyers are at work if they are out to dinner. Nancy is a lawyer and out to dinner. So not everything is at work.,Either Nancy or Marvin are at work. All lawyers are not at work if they are out to dinner. Nancy is not a lawyer and out to dinner. So not everything is not at work.,Either Nancy or Marvin are at work. All lawyers are not at work if they are out to dinner. Nancy is a lawyer and out to dinner. So not everything is at work.,Either Nancy or Marvin are at work. All lawyers are out to dinner if they are not at work. Nancy is a lawyer and out to dinner. So not everything is at work.,Either Nancy or Marvin are not at work. All lawyers are out to dinner if they are at work. Nancy is a lawyer and out to dinner. So not everything is at work.,Either Nancy or Marvin are at work. All lawyers are not at work if they are out to dinner. Nancy is a lawyer and out to dinner. So not everything is not at work.,Either Nancy or Marvin are not at work. All lawyers are not at work if they are out to dinner. Nancy is a lawyer and out to dinner. So not everything is at work.,Either Nancy or Marvin are at work. All lawyers are at work if they are not out to dinner. Nancy is a lawyer and out to dinner. So not everything is not at work.,Either Nancy or Marvin are at work. All lawyers are out to dinner if they are not at work. Nancy is a lawyer and out to dinner. So not everything is not at work.,G,6,philosophy,ori_mmlu-formal_logic,,test
4980,"This question refers to the following information.
""I know that whenever the subject has occurred in conversation where I have been present, it has appeared to be the opinion of every one that we could not be taxed by a Parliament wherein we were not represented. But the payment of duties laid by an act of Parliament as regulations of commerce was never disputed. . . . An external tax is a duty laid on commodities imported; that duty is added to the first cost and other charges on the commodity, and, when it is offered for sale, makes a part of the price. If the people do not like it at that price, they refuse it; they are not obliged to pay it. But an internal tax is forced from the people without their consent if not laid by their own representatives. The Stamp Act says we shall have no commerce, make no exchange of property with each other, neither purchase nor grant, nor recover debts; we shall neither marry nor make our wills, unless we pay such and such sums; and thus it is intended to extort our money from us or ruin us by the consequence of refusing to pay it.""
—Benjamin Franklin, Examination before Parliament, 1766
The policy described most immediately led to",the American Revolution.,"a negotiated settlement between the tribes of the Southeast and the U.S. government, by which the tribes were allowed to remain on their lands for ten years.",the forced removal of the Cherokee from their homeland.,"the first Treaty of Fort Laramie, which guaranteed Indian possession of lands west of the Mississippi River.",peace between Indian tribes and white settlers.,the introduction of the Stamp Act.,"the Treaty of Paris, ending the Revolutionary War.",the start of the French and Indian War.,the creation of the United States Constitution.,the formation of the United States Congress.,C,2,history,ori_mmlu-high_school_us_history,,test
7172,Which of the following is an example of a transfer earning?,A social security retirement income.,A cashier at a restaurant receiving the same $8 an hour that other cashiers receive.,A celebrity's income from endorsements.,"The $200,000 annual salary of a successful entrepreneur.",The earnings of a bestselling author from book sales.,A superstar basketball player's $40 million earnings.,A welfare payment from social services.,A lottery winner's prize money.,A professional football player's signing bonus.,A student's scholarship money.,B,1,economics,ori_mmlu-high_school_microeconomics,,test
11947,"Compute the lowest natural frequency for an automobile enginespring. The spring is made of spring steel with 10 activecoils, mean diameter of 3.5 in. and wire diameter of 0.20in.",15 cycles/sec,33 cycles/sec,22.5 cycles/sec,25.8 cycles/sec,18 cycles/sec,12 cycles/sec,17 cycles/sec,30 cycles/sec,27 cycles/sec,20 cycles/sec,D,3,engineering,stemez-MachineDesign,,test
10910, Papadaki argues that,sexual objectification is not always wrong.,sexual objectification involves the total reduction of a person to an object.,sexual objectification is not explainable in Kantian terms.,sexual objectification involves the denial of a person's humanity.,,,,,,,D,3,philosophy,ori_mmlu-moral_disputes,,test
11808,The probability density of a signal is given by f(x) = K e^-\vertx\vertfor \vertx\vert < 4 and = 0otherwise (a) What is the step size S if there are four quanti-zation levels. (b) Find the value of the constant K. (c) Assume that there are four quantization levels and that f(x) is not constant over each level. Deter-mine the variance of the quantization error.,Step size: 3; Constant K: 0.5093; Variance: 0.3739,Step size: 2; Constant K: 0.8; Variance: 0.3739,Step size: 2; Constant K: 0.5093; Variance: 0.7,Step size: 2; Constant K: 0.4; Variance: 0.3739,Step size: 1; Constant K: 0.5093; Variance: 0.5,Step size: 2; Constant K: 0.5093; Variance: 0.3739,Step size: 3; Constant K: 0.5093; Variance: 0.5,Step size: 2; Constant K: 0.5093; Variance: 0.5,Step size: 2; Constant K: 0.6; Variance: 0.25,Step size: 4; Constant K: 0.2; Variance: 0.3739,F,5,engineering,stemez-ElectronicCommunications,,test
2740,A common criticism of social psychological research is that it isnot externally valid. Explain.,It is suggested that social psychological findings are not externally valid because they rely on outdated theoretical frameworks,"The criticism stems from the belief that social psychological research is overly deterministic, ignoring the role of free will",The issue is that social psychological studies often have small sample sizes that are not representative of the population,Social psychological research lacks external validity due to its heavy reliance on statistical analysis,Critics argue that social psychological research overemphasizes the role of social influence and underestimates biological factors,The criticism is due to the lack of internal validity in social psychological research,"Social psychology is criticized for focusing too much on cultural specificity, neglecting universal aspects of human behavior","Many social psychological experiments are not externally valid because they are often conducted in artificial settings, which may not accurately represent 'natural' human behavior.",Social psychological research is criticized because it often fails to consider individual differences,,H,7,psychology,stemez-Psychology,,test
7809,What is the value of 5 + 2 • 15 + (12 • 4)?,123,160,105,98,78,120,131,141,153,83,J,9,math,ori_mmlu-elementary_mathematics,,test
722,"A company manager found that the company's revenue function is R = 90 \surd(2X) where X is the number of units made, and their cost function is C = 3X + 1200. Find the breakeven point, and how many units to produce (in terms of an in inequality) to make a profit.",250 < X < 850,100 < X < 700,350 < X < 900,0 < X < 600,300 < X < 900,150 < X < 750,200 < X < 800,X < 200,X > 800,400 < X < 1000,G,6,business,stemez-Business,,test
2987,"Although mutations occur at a regular and predictable rate, which of the following statements is the LEAST likely reason the frequency of mutation appears to be low?",Some mutations produce alleles that are recessive and may not be expressed.,Some undesirable phenotypic traits may be prevented from reproducing.,Some mutations cause such drastic phenotypic changes that they are removed from the gene pool.,The predictable rate of mutation results in ongoing variability in a gene pool.,,,,,,,D,3,biology,ori_mmlu-high_school_biology,,test
11561,"An antenna lead-in cable with attenuation loss L= 4 and gain G = 0.25 is used for feeding signal to a receiver with F = 10 db and gain G = 80 db. Assuming that cable is being subjectedto physical temperature of 290°K, calculate ° (a)noisefigure of the system. (b)overallnoise temperature.","18 db, 13,000K","17.5 db, 12,000K","20 db, 15,000K","15 db, 11,000K","16.02 db, 11,310K","15.5 db, 11,500K","19.5 db, 14,000K","14 db, 10,500K","13.5 db, 9,500K","12 db, 8,500K",E,4,engineering,stemez-ElectronicCommunications,,test
2349,Donald Super’s _____________ graphically depicts the correspondence between an individual’s life roles and life stages.,life career rainbow,octagon,life cycle wheel,life stage map,life staircase,career ladder,life path diagram,role spectrum,mandala,career tree,A,0,psychology,ori_mmlu-professional_psychology,,test
3463,"The checkered pattern of pigeons is controlled by a dominant gene C; plain color is determined by the recessive allele c. Red color is controlled by a dominant gene B, and brown color by the recessive allele b. Complete aPunnett square for adihybridcross involving a homozygous checkered red bird and a plain brown bird. For this cross, show the expected phenotypes, genotypes, genotypic frequencies and phenotypic ratios for the F_2 generation. P: CCBB × ccbb Gametes: (CB) (cb) F_1 × F_1 CcBb × CcBb Gametes (CB) (Cb) (cB) (cb) (CB) CCBB CCBb CcBB CcBb (Cb) CCBb CCbb CcBb Ccbb (cB) CcBB CcBb ccBB ccBb (cb) CcBb Ccbb ccBb Ccbb","Phenotypic ratio: checkered red 6, checkered brown 2, plain red 6, plain brown 2","Phenotypic ratio: checkered red 8, checkered brown 4, plain red 0, plain brown 4","Phenotypic ratio: checkered red 9, checkered brown 3, plain red 3, plain brown 1","Phenotypic ratio: checkered red 1, checkered brown 3, plain red 9, plain brown 3","Phenotypic ratio: checkered red 3, checkered brown 9, plain red 1, plain brown 3","Phenotypic ratio: checkered red 4, checkered brown 4, plain red 4, plain brown 4","Phenotypic ratio: checkered red 12, checkered brown 2, plain red 2, plain brown 0","Phenotypic ratio: checkered red 5, checkered brown 3, plain red 2, plain brown 6","Phenotypic ratio: checkered red 7, checkered brown 5, plain red 1, plain brown 3","Phenotypic ratio: checkered red 2, checkered brown 6, plain red 3, plain brown 1",C,2,biology,stemez-Genetics,,test
176,"Mr. Carson signed a note as payment for a debt on March 15. If the note had a term of two months, what was its maturity date?",August 15,May 15,April 15,March 15,May 14,July 15,April 14,May 16,May 13,June 15,B,1,business,stemez-Business,,test
3487,"A rooster with gray feathers and a hen with the same phenotype produce 17 gray, 7 black, and 8 white chicks. What is the simplest explanation for the inheritance of these colors in chickens?",The trait for gray is epistatic over the trait for black.,The traits for gray and white color demonstrate incomplete dominance.,The trait for black is epistatic over the trait for white.,The traits for black and white color demonstrate codominance.,The trait for white is epistatic over the trait for gray.,The traits for black and white color demonstrate incomplete dominance.,"The traits for black, gray and white colors demonstrate complete dominance.",The traits for gray and black color demonstrate codominance.,The trait for gray is epistatic over the trait for white.,The trait for black is epistatic over the trait for gray.,F,5,biology,ori_mmlu-high_school_biology,,test
5910,"What is the due date of a federal estate tax return (Form 706), for a taxpayer who died on May 15, year 2, assuming that a request for an extension of time is not filed?","October 15, year 2.","April 15, year 3.","January 31, year 3.","November 15, year 2.","December 31, year 2.","May 15, year 3.","March 15, year 3.","February 15, year 3.","September 15, year 2.","August 15, year 2.",H,7,other,ori_mmlu-professional_accounting,,test
1430,"A heavyset man with long red hair robbed a liquor store. Thereafter, a man was arrested and charged with the armed robbery. At the man's trial, the owner of the liquor store was called to testify. He admitted that he was unable to identify the man, who now had a shaven head, as the robber. The prosecuting attorney then handed the owner six photographs. He proposed to testify, over defense objections, that he had previously told the prosecuting attorney that picture #4, admittedly a picture of the man before he shaved his head, was a picture of the person who robbed his store. The owner's proffered testimony should be adjudged",admissible as a prior identification by the witness.,"inadmissible, due to the potential for bias or suggestion.",admissible as past recollection recorded.,"admissible, as it is the owner's personal account of the event.","inadmissible, because it is a violation of the man's right of confrontation.","admissible, because it is relevant to the case.","inadmissible, as it is based on a photograph and not a live lineup.","admissible, as it provides critical evidence for the case.","inadmissible, because the owner failed to identify the man in court.",,A,0,law,ori_mmlu-professional_law,,test
3318,Why would you not expect conjugation among a group of paramecia that had descended from a single individual through repeated fission?,Conjugation is prevented by the presence of a dominant allele,Conjugation results in lesser genetic diversity,Conjugation can occur among identical organisms,"All individuals are identical genetically, and conjugation could not occur.",Conjugation does not require different mating types,Conjugation among paramecia is limited by their lifecycle and can only happen at certain stages,Paramecia are incapable of conjugation due to their single-celled nature,Conjugation is a form of reproduction that results in genetically identical offspring,Conjugation requires a special organ that paramecia do not possess,Conjugation only occurs in stressful environmental conditions,D,3,biology,stemez-Biology,,test
9978,"A circular opening of radius 0.8mm in an opaque screen is illuminated by plane waves of monochromatic light and the emergent light allowed to fall on a movable screen. As the screen is gradually brought toward the aperture, it is found that a succession of alternately light and dark spots appear at the center of the diffraction patterns. (a) If a bright spot appears for the second time when the distance from the screen to the position of the screen required for a bright spot to appear for the first time is 36.2 cm, find the wavelength of the light. (b) If a dark spot appears for the second time when the distance between the screen and the position of the screen required for a dark spot to appear for the first time is 36.2 cm, find the wavelength of the light. (c) Find at what distance from the screen to the aperture a bright spot appeared for the first time (refer to part (a)). (d) Find at what distance from the screen to the aperture a dark spot appeared for the first time (refer to part (b)).","Wavelength of light for bright spot: 1.25 × 10^-6 m, Wavelength of light for dark spot: 460mμ, First bright spot: 57 cm, First dark spot: 69 cm","Wavelength of light for bright spot: 1.17 × 10^-6 m, Wavelength of light for dark spot: 442mμ, First bright spot: 54.7 cm, First dark spot: 72.4 cm","Wavelength of light for bright spot: 1.5 × 10^-6 m, Wavelength of light for dark spot: 500mμ, First bright spot: 55 cm, First dark spot: 72 cm","Wavelength of light for bright spot: 1.3 × 10^-6 m, Wavelength of light for dark spot: 450mμ, First bright spot: 56 cm, First dark spot: 70 cm","Wavelength of light for bright spot: 1.4 × 10^-6 m, Wavelength of light for dark spot: 480mμ, First bright spot: 58 cm, First dark spot: 74 cm","Wavelength of light for bright spot: 1.0 × 10^-6 m, Wavelength of light for dark spot: 420mμ, First bright spot: 52 cm, First dark spot: 75 cm","Wavelength of light for bright spot: 1.3 × 10^-6 m, Wavelength of light for dark spot: 465mμ, First bright spot: 56.5 cm, First dark spot: 70.5 cm","Wavelength of light for bright spot: 1.2 × 10^-6 m, Wavelength of light for dark spot: 440mμ, First bright spot: 54 cm, First dark spot: 73 cm","Wavelength of light for bright spot: 1.1 × 10^-6 m, Wavelength of light for dark spot: 435mμ, First bright spot: 53 cm, First dark spot: 71 cm","Wavelength of light for bright spot: 1.15 × 10^-6 m, Wavelength of light for dark spot: 450mμ, First bright spot: 55.5 cm, First dark spot: 71.5 cm",B,1,physics,stemez-Optics,,test
2116,Discuss the learning that the infant is capable of.,Infants are only capable of learning through direct reinforcement.,Infants learn behaviors which are life maintaining and those which provide them with the opportunity to explore their environment.,Infants learn primarily through imitation of adult behavior from birth.,Infants learn exclusively through observation and do not require interaction.,Infants have the ability to learn abstract concepts within the first few months of life.,Infants cannot learn until they are capable of reaching and exploring their environment.,Infants can only learn after they have developed language skills.,Infants are incapable of responding to secondary reinforcers.,Infants only learn through classical conditioning.,Infants are born with all the knowledge they need and learning is not necessary.,B,1,psychology,stemez-Psychology,,test
5014,"This question refers to the following information.
""We conclude that, in the field of public education, the doctrine of ""separate but equal"" has no place. Separate educational facilities are inherently unequal. Therefore, we hold that the plaintiffs and others similarly situated for whom the actions have been brought are, by reason of the segregation complained of, deprived of the equal protection of the laws guaranteed by the Fourteenth Amendment.""
Brown v. Board of Education, 1954
Desegregation of schools was, in part, a response to unfulfilled promises from which of the following initiatives?",The New Deal,The Fair Deal,The New Frontier,Reconstruction,The Square Deal,The Great Society,The Progressive Era,The War on Poverty,The Emancipation Proclamation,The Civil Rights Act,D,3,history,ori_mmlu-high_school_us_history,,test
4837,Which archaeological method is best for identifying large-scale land modifications?,stratigraphic analysis,resistivity survey,metal detectors,ground-penetrating radar,underwater archaeology,aerial photography,excavation,proton magnetometers,surface survey,test pits,F,5,history,ori_mmlu-prehistory,,test
10633,"When doing least-squares regression with regularisation (assuming that the optimisation can be done exactly), increasing the value of the regularisation parameter λ the testing error.",will not have any effect on the testing error.,will always increase the testing error.,may decrease or increase the testing error.,will never increase the training error.,will always decrease the testing error.,may decrease or increase the training error.,will not have any effect on the training error.,will never decrease the testing error.,will never decrease the training error.,will never increase,I,8,computer science,ori_mmlu-machine_learning,,test
8741,"We know that $y'=(x+y) / 2$, we also know that $y(x=0) = 2, y(x=0.5) = 2.636, y(x=1) = 3.595, y(x=1.5) = 4.9868$, what is the value of y(2) using Adams bashforth predictor method.",5.4321,7.1234,6.2456,7.7654,5.6789,5.9867,6.1002,6.8731,6.5423,7.3561,H,7,math,theoremQA-Math,,test
5371,"In the debate about the 'managerial revolution', John Scott (1997) argued that:",managers were becoming dissatisfied with their working conditions and planned to overthrow the owners of businesses,owners still exercised control through groups of shareholders and interlocking directorships,ownership and management were becoming increasingly separate functions,"the managerial revolution was a myth, as owners still held the majority of power in businesses",managers were planning to unionize to negotiate better working conditions,the principles of scientific management were universally applicable,management was becoming increasingly dependent on shareholders,the techniques of scientific management were overly bureaucratic and inefficient,owners and managers were merging into a single role within businesses,owners were losing control over their businesses due to increasing management autonomy,B,1,other,ori_mmlu-sociology,,test
2872,The polytene chromosomes seen in Drosophila silvarentis with the aid of a light microscope are,multiple copies of a single chromosome,not visible even under a light microscope,produced only during mitosis,produced by repeated rounds of nuclear division without DNA replication,single copies of multiple chromosomes,not actively carrying out transcription,produced by single round of DNA replication without nuclear division,produced only during meiosis,produced by repeated rounds of DNA replication followed by nuclear division,,A,0,biology,ori_mmlu-college_biology,,test
1625,"After watching a television program about archery, a 15-year-old boy became very interested in that sport. He saved up some money to buy a bow and other archery equipment. He set up a target in his backyard in order to practice. He surrounded the target with stacks of hay bales to stop any arrows that missed the target. After practicing for a few weeks, the boy made great improvements in his technique and accuracy. While practicing one afternoon, however, the boy lost his balance just as he released an arrow. As a result, the arrow flew way off course, going over the target and all the hay bales and flying into a wooded area behind the boy's house. The boy assumed no one was in the woods, so he was relieved that the errant arrow would not hurt anyone. However, a hiker happened to be in the woods near the boy's house. As he paused for a moment to take a drink of water, the hiker suddenly saw something out of the corner of his eye. It was the stray arrow shot by the boy. Without even thinking about it, the hiker reflexively ducked out of the way. The arrow narrowly missed the hiker's head; but as the hiker ducked out of the way, his head struck the limb of a tree, causing a stick to stab painfully into his eye. Which of the following causes of action could the hiker successfully assert against the boy?","Battery and negligence, but not assault.","Battery, but not assault.",Assault and trespass to property.,"Assault, battery, and negligence.",Neither assault nor battery.,"Neither assault, battery, nor negligence.",Assault and battery.,"Assault, but not battery.","Trespass to property, but not assault or battery.",,E,4,law,ori_mmlu-professional_law,,test
11089, Which of the following statements best describes Gill's response to the argument that the Oregon physician-assisted law falsely assumes that doctors are qualified to judge whether a life is worth living?,"Doctors are normally required to make life-and-death decisions, and this is no exception.",The law is in line with the doctors' Hippocratic oath of doing no harm.,Doctors are as qualified as any other mature adult to decide whether a life is worth living.,"The law doesn't require doctors to judge the worth of a life, but rather to provide a professional opinion on the patient's condition.",The argument is valid because doctors should not be the ones to decide whether a life is worth living.,The law is justified as doctors are inherently equipped to make such judgements due to their profession.,The law only requires doctors to make medical decisions about the patient's life expectancy and prognosis.,The argument is self-defeating because it was proposed by medical doctors.,The argument is irrelevant as the law is about patient autonomy and not about doctors' judgement on life's worth.,The law is flawed because it puts too much pressure on the doctors to make such decisions.,G,6,philosophy,ori_mmlu-moral_disputes,,test
5276,Which of the following is a functional region?,The area surrounding the Great Lakes,The Amazon Rainforest,The Appalachian Mountains,Pennsylvania,The region influenced by the Mississippi River,The Pacific Northwest,The Sahara Desert,The market area of Winn-Dixie,The city of New York,Dixie,H,7,other,ori_mmlu-high_school_geography,,test
5648,"Part of the boundary between the United States and Mexico is the Rio Grande, an example of",a forest boundary.,a desert boundary.,an artificial boundary.,a man-made canal.,a continental divide.,a mountain range.,a natural boundary.,a water divider.,an ocean boundary.,,G,6,other,ori_mmlu-high_school_geography,,test
7157,Suppose the price level in the United States has risen in the past year but production of goods and services has remained constant. Based on this information which of the following is true? NOMINAL GDP     REAL GDP,No change     No change,Increased     Increased,Decreased     Decreased,Increased     No change,Increased     Decreased,No change     Decreased,Decreased     No change,Decreased     Increased,No change     Increased,,E,4,economics,ori_mmlu-high_school_macroeconomics,,test
4836,"This question refers to the following information.
Now if divorce is your wish, I cannot blame you. For the waiting has been long. And I do not know whether the Creator will grant relief immediately so that I can come home, or whether matters will take time, for I cannot come home with nothing. Now the matter is in your hand. If you wish to end our marriage, accept this bill of repudiation, and you are free. May God inspire you with the right decision.
Letter from a Jewish trader in India to his wife in Cairo, ca. 1200
Which of the following is the most probable cause of the marital strain evident in the passage above?",The merchant's involvement in illegal activities in India,Bankruptcy stranding the merchant far from home,A decision on the part of the merchant to remain permanently in India,Social pressures from the merchant's new community in India,The merchant's unwillingness to return to Cairo,The strain placed on merchant families by long periods of separation,The wife's inability to join the merchant in India,The merchant's change of profession,Disputes over the management of the family's finances,Religious disagreements arising from the merchant's exposure to Hinduism,F,5,history,ori_mmlu-high_school_world_history,,test
4694,"This question refers to the following information.
""His Majesty the Emperor of China agrees, that British subjects, with their families and establishments, shall be allowed to reside, for the purposes of carrying on their mercantile pursuits, without molestation or restraint, at the cities and towns of Canton, Amoy, Foochowfoo, Ningpo, and Shanghai; and Her Majesty the Queen of Great Britain, &c., will appoint Superintendents, or Consular officers, to reside at each of the above-named cities or towns, to be the medium of communication between the Chinese authorities and the said merchants, and to see that the just duties and other dues of the Chinese Government, as hereafter provided for, are duly discharged by Her Britannic Majesty's subjects.""
Treaty of Nanjing, 1839
The concessions offered in this treaty most directly created British",colonies,diplomatic embassies,outposts,vassal states,militarized zones,dominions,trading companies,protectorates,spheres of influence,businesses,I,8,history,ori_mmlu-high_school_european_history,,test
10126,"A proton is at rest a long way away from the earth. It falls toward the earth under the influence of the earth's gravitational attraction. When it reaches the earth, all its kinetic energy is converted into the energy of a single quantum of light. What is the frequency of this quantum?",2.2 × 10^14 sec^-1,0.8 × 10^14 sec^-1,1.0 × 10^14 sec^-1,1.2 × 1014sec^-1,1.8 × 10^14 sec^-1,2.0 × 1014sec^-1,1.6 × 1014sec^-1,1.9 × 10^14 sec^-1,2.5 × 10^14 sec^-1,1.4 × 1014sec^-1,G,6,physics,stemez-Physics,,test
1088,"A woman owns a tract of land located in a state in the Midwest. On June 1, 2005, the woman sells to a husband and wife an undivided one-half interest in this land for $100,000 (the entire consideration being paid by the husband). The deed to the husband and wife reads as follows: ""To (husband) and (wife) and their heirs as tenants by the entirety, and not as joint tenants, and not as tenants in common. ""On June 1, 2006, the woman sells her remaining interest in the tract of land to the husband and his brother for $125,000 (the husband pays $80,000 of the purchase price, and the brother pays the balance). The deed to the husband and the brother provides: ""To (the husband) and (the brother) and their heirs as joint tenants and not as tenants in common. ""The husband conveys to his cousin all his right, title, and interest under the two deeds from the woman. The husband then dies. The brother then dies. The cousin is thus the owner of",an undivided one-fifth interest in the land.,an undivided one-quarter interest in the land.,no interest in the land.,an undivided two-thirds interest in the land.,an undivided three-fifths interest in the land.,an undivided one-sixth interest in the land.,the entire interest in the land.,an undivided one-third interest in the land.,an undivided three-quarters interest in the land.,,B,1,law,ori_mmlu-professional_law,,test
5173,What pro wrestler grapples with Sylvester Stallone in the movie-'Rocky III'?,Dolph Lundgren,Ric Flair,The Rock,John Cena,Randy Savage,Andre the Giant,Stone Cold Steve Austin,The Iron Sheik,Undertaker,Hulk Hogan,J,9,other,ori_mmlu-miscellaneous,,test
11900,A cylinder contains 30 lbm of liquid water and water vapor mixture in equilibrium at a pressure of 100 lbf/in^2. If the volume of the cylinder is 10 ft^3 calculate a) the volume and mass of liquid b) the volume and mass of vapor,"a) Volume of liquid = 0.018 ft^3, Mass of liquid = 0.95 lbm. b) Volume of vapor = 9.982 ft^3, Mass of vapor = 2.05 lbm","a) Volume of liquid = 0.015 ft^3, Mass of liquid = 0.9 lbm. b) Volume of vapor = 9.985 ft^3, Mass of vapor = 2.1 lbm","a) Volume of liquid = 0.01 ft^3, Mass of liquid = 0.7 lbm. b) Volume of vapor = 10 ft^3, Mass of vapor = 2 lbm","a) Volume of liquid = 0.2 ft^3, Mass of liquid = 0.8 lbm. b) Volume of vapor = 8 ft^3, Mass of vapor = 2.5 lbm","a) Volume of liquid = 0.025 ft^3, Mass of liquid = 0.85 lbm. b) Volume of vapor = 9.975 ft^3, Mass of vapor = 2.15 lbm","a) Volume of liquid = 0.0133 ft^3, Mass of liquid = 0.747 lbm. b) Volume of vapor = 9.99 ft^3, Mass of vapor = 2.253 lbm","a) Volume of liquid = 0.005 ft^3, Mass of liquid = 0.8 lbm. b) Volume of vapor = 9.995 ft^3, Mass of vapor = 2.2 lbm","a) Volume of liquid = 0.02 ft^3, Mass of liquid = 1 lbm. b) Volume of vapor = 9.98 ft^3, Mass of vapor = 2.4 lbm","a) Volume of liquid = 0.03 ft^3, Mass of liquid = 0.9 lbm. b) Volume of vapor = 9 ft^3, Mass of vapor = 2.3 lbm","a) Volume of liquid = 0.008 ft^3, Mass of liquid = 0.75 lbm. b) Volume of vapor = 9.992 ft^3, Mass of vapor = 2.25 lbm",F,5,engineering,stemez-Thermodynamics,,test
10711,"Given a two-dimensional array AMATR which contains 10 rows and 10 columns and a one-dimensional array called DIAG which contains 10 elements, write a program segment in FORTRAN to compute the elements of D1AG from DIAG(I) = AMATR(I, I) for I =1,2,.. .,10. Then compute the trace of AMATR, which is defined as trace(AMATR) = 10\sum_i= 1AMATR(I, I) = 10\sum_i= 1DIAG(I).","DIMENSION AMATR(10,10), DIAG(10)","DIMENSION AMATR (10,10), DIAG (10) TRACE = 1.0 DO 100 I = 1,10 DIAG (I) = AMATR (I, I) TRACE = TRACE + DIAG (I) 100CONTINUE STOP END","DIMENSION AMATR (10,10), DIAG (10) TRACE = 0.0 DO 100 I = 1,10 DIAG (I) = AMATR (I, I) TRACE = TRACE - DIAG (I) 100CONTINUE STOP END","DIMENSION AMATR (10,10), DIAG (10) TRACE = 0.0 DO 100 I = 1,10 DIAG (I) = AMATR (I, I) TRACE = TRACE * DIAG (I) 100CONTINUE STOP END","DIMENSION AMATR (10,10), DIAG (10) TRACE = 0.0 DO 100 I = 1,10 DIAG (I) = AMATR (I, I) TRACE = TRACE + DIAG (I) 100CONTINUE STOP END",,,,,,E,4,computer science,stemez-ComputerScience,,test
2400,"Mr. Gordon suffered damage to the back of his right frontal lobe. As a result, he is unable to",Recognize faces,move his left hand,Hear sounds correctly,understand information he reads,speak intelligibly,Taste food properly,understand information he hears,See clearly,Feel temperature changes,Smell different scents,B,1,psychology,ori_mmlu-high_school_psychology,,test
4480,"A voltaic cell is made up of a silver electrode in a 1M silver nitrate solution and an aluminum electrode in a 1M aluminum nitrate solution. The half reactions are 1) Ag^+ + e^- \rightarrow Ag (s) E° = .80 volt, and (2) Al^3+ +3e^-\rightarrow Al(s) E° = -1.66 volt, calculate the standard free energy change, ∆G°, in Kcal / mole. 1 cal = 4.184 joule 1 F = 96,500 coul, 1 Kcal = 1000 cal.",+ 170( Kcal / mole),+ 230 (Kcal / mole),+ 190( Kcal / mole),+ 160 (Kcal / mole),+ 180 (Kcal / mole),+ 140 (Kcal / mole),+ 210 (Kcal / mole),+ 200( Kcal / mole),+ 150( Kcal / mole),+ 220 (Kcal / mole),A,0,chemistry,stemez-Chemistry,,test
3225,"What is the evidence that the chemical compounds of a cell arein a ""dynamic state""?",The cell's compounds are stable and remain in the cell for long periods of time without being degraded and replaced.,The only exception to the dynamic state of the cell is its DNA molecules.,"The dynamic state is evidenced by the fact that cells retain all compounds throughout their lifespan, with no turnover.","The cell's compounds are replaced once they are used up, which occurs on a monthly basis.",2.5 million red blood cells alone are produced and destroyed per second in the human body.,Cellular compounds exhibit a dynamic state as they are exchanged with neighboring cells regularly.,"Enzymatic reactions within the cell are consistent and unchanging, demonstrating stability.",The cell's compounds are constantly changing - being broken down and replaced by newly synthesized compounds.,"Cellular compounds are recycled every few years, indicating a semi-static state.","The cell's compounds fluctuate seasonally, with higher turnover in summer and lower turnover in winter.",H,7,biology,stemez-Biology,,test
9932,"A table supports a wooden block placed on the tabletop. Which fundamental force of nature is responsible for this interaction, and why?","The electric force, because the inner electrons in the top atomic layer of the table attract the inner electrons in the bottom atomic layer of the wood.","The strong nuclear force, because the protons in the nuclei of the top atomic layer of the table repel the nuclei in the bottom atomic layer of the wood.","The electric force, because the outer electrons in the top atomic layer of the table repel the outer electrons in the bottom atomic layer of the wood.","The strong nuclear force, because the neutrons in the nuclei of the top atomic layer of the table attract the neutrons in the bottom atomic layer of the wood.","The weak nuclear force, because the protons in the nuclei of the top atomic layer of the table repel the nuclei in the bottom atomic layer of the wood.","The weak nuclear force, because the electrons in the top atomic layer of the table attract the electrons in the bottom atomic layer of the wood.","The gravitational force, because the mass of the table is attracting the mass of the wood.","The magnetic force, because the magnetic domains in the top atomic layer of the table repel the magnetic domains in the bottom atomic layer of the wood.","The gravitational force, because by F = GMm/r^2, the force of the table on the wood at that close range is sufficient to balance the force of the Earth on the wood.","The electric force, because the protons in the nuclei of the top atomic layer of the table repel the nuclei in the bottom atomic layer of the wood.",C,2,physics,ori_mmlu-high_school_physics,,test
356,"J. S.Bacq& Co. runs a ""penny arcade"" with the following fixed costs: Wages and electricity: $500 per week Upkeep and miscellaneous: $100 per week. As a sales incentive, the Arcade distributes a surprise gift to each customer. Each gift costs the Arcade $2.00. The sole charge in the Arcade is $6.00 for admission. Management wants to make $1,000 profit each week. How many people must visit the Arcade weekly to realize this much profit?",Nine hundred customers,Eight hundred customers,Five hundred customers,Two hundred and fifty customers,Seven hundred customers,Six hundred customers,One thousand customers,Three hundred customers,One hundred and fifty customers,Four hundred customers,J,9,business,stemez-Business,,test
7493,There is relatively more crowding out as the result of expansionary fiscal policy when,the central bank pursues a contractionary monetary policy,expansionary monetary policy accompanies the fiscal policy,the government cuts taxes rather than increasing spending,the investment demand curve is perfectly inelastic,government spending improves profit expectations among businesses,the investment demand curve is inelastic,the investment demand curve is elastic,the economy is in a boom period,the economy is in a recession,government spending is primarily focused on infrastructure,G,6,economics,ori_mmlu-high_school_macroeconomics,,test
2464,The focus of structuralists most closely matches the current perspective of,behaviorists,psychoanalysts,developmental psychologists,neuropsychologists,humanists,health psychologists,cognitivists,forensic psychologists,social psychologists,existential psychologists,G,6,psychology,ori_mmlu-high_school_psychology,,test
4874,The Younger Dryas was:,a period of environmental change that caused humans to temporarily abandon much of northern Europe.,a warming period at the end of the Pleistocene.,"a period of glacial expansion between 12,900 and 11,600 years ago.",a period of heavy meteorite impact causing a mass extinction event.,a period of significant volcanic activity that led to a global cooling.,"a period of glacial retreat between 10,900 and 9,000 years ago.",a cooling period that occurred during the Jurassic period.,a period of rapid desertification in northern Africa.,a period of glacial retreat that marked the beginning of the Holocene epoch.,a period of glacial expansion during the Miocene epoch.,C,2,history,ori_mmlu-prehistory,,test
8269,For which integers n such that 3 <= n <= 11 is there only one group of order n (up to isomorphism)?,"For 3, 5, 7, and 11 only","For 8, 9, 10, and 11 only","For 4, 6, 8, and 10 only","For 6, 7, 8, and 9 only","For 3, 4, 5, and 6 only","For 3, 5, 7, 9, and 11 only","For 4, 5, 6, and 8 only",For all integers n such that 3 <= n <= 11,For no such integer n,"For 5, 6, 7, 8, and 9 only",A,0,math,ori_mmlu-college_mathematics,,test
3114,"All of the following support the endosymbiotic theory that ancestors of mitochondria and chloroplasts were once independent, free-living prokaryotes EXCEPT:",Mitochondria and chloroplasts divide independently of the eukaryotic host cell by a process similar to binary fission.,Mitochondria and chloroplasts have ribosomes that more closely resemble those of bacteria than of eukaryotic cells.,Mitochondria and chloroplasts function independently from the eukaryotic host cell.,"Mitochondria, chloroplasts, and bacteria have a single, circular chromosome without histones or proteins.",,,,,,,C,2,biology,ori_mmlu-high_school_biology,,test
11965,A Lissajous pattern on an oscilloscope has 5 horinzontal tangencies and 2 vertical tangencies. The frequency of horizontal input is 100 Hz. The frequency of the vertical will be,750 Hz.,250 Hz.,625 Hz.,500 Hz.,800 Hz.,400 Hz.,200 Hz.,900 Hz.,350 Hz.,150 Hz.,B,1,engineering,ori_mmlu-electrical_engineering,,test
9731,When a ball at rest hangs by a single vertical string tension in the string is mg. If the ball is made to move in amhorizontal circle so that the string describes a cone string tension,may be equal to mg depending on the speed of the ball,is mg,is less than mg when the ball is at the highest point in the circle,is greater than mg always,is equal to the square of the speed of the ball,remains unchanged regardless of the movement of the ball,is inversely proportional to the speed of the ball,is less than mg always,is directly proportional to the speed of the ball,may be greater or less than mg depending on the speed of the ball,D,3,physics,ori_mmlu-conceptual_physics,,test
5267,Best County's capital projects fund had the following receipts during the year: Transfer from the general fund $100000 Federal capital grant $75000 Special assessment for capital improvements $300000 What amount of revenues should Best County report in its capital projects fund at the end of the year?,"$300,000","$500,000","$600,000","$200,000",475000,"$100,000","$175,000","$75,000","$250,000","$375,000",J,9,other,ori_mmlu-professional_accounting,,test
10251,A barometer that uses water instead of mercury will be,more fragile,shorter,heavier,equal in height,taller,less sensitive to temperature changes,more expensive,less accurate,less reliable,inoperable,E,4,physics,ori_mmlu-conceptual_physics,,test
8420,"The root of the equation x = (1 / 2) + sin x by using the iteration method: x_{k+1} = 1/2 + sin(x_k), x_0 = 1 correct to o six decimals is x = 1.497300. Determine the number of iteration steps required to reach the root by linear iteration. If the Aitken ∆2-process is used after three approximations are available, how many iterations are required?",1,3,9,4,10,6,5,2,7,8,B,1,math,theoremQA-Math,,test
11791,"A 1 in. diameter, standard solid shaft with a design shear stress of 8000 psi is selected to transmit mechanical power at 150 rpm. Calculate the horsepower developed.",5.32 hp,1.86 hp,6.15 hp,3.00 hp,3.74 hp,4.00 hp,2.10 hp,4.89 hp,2.45 hp,7.00 hp,E,4,engineering,stemez-MachineDesign,,test
8985,"The population of a certain city is 836,527. What is the population of this city rounded to the nearest ten thousand?","860,000","850,000","830,000","837,000","820,000","840,000","835,000","800,000","836,500","836,000",F,5,math,ori_mmlu-elementary_mathematics,,test
9388,The lens system of a certain portrait camera may be taken as equivalent to a thin converging lens of focal length 10.0 in. How far behind the lens should the film be located to receive the image of a person seated 50.0 in. from the lens? How large will the image be in comparison with the object?,"17.5 in, 0.350","18.0 in, 0.360","8.0 in, 0.160","10.0 in, 0.200","11.0 in, 0.220","15.0 in, 0.300","25.0 in, 0.500","20.0 in, 0.400","12.5 in, 0.250","14.0 in, 0.280",I,8,physics,stemez-Physics,,test
9145,A charged cloud system produces an electric field in the air near Earth's surface. A particle of charge $-2.0 \times 10^{-9} \mathrm{C}$ is acted on by a downward electrostatic force of $3.0 \times 10^{-6} \mathrm{~N}$ when placed in this field. What is the magnitude of the electric field? ,$2.2 \times 10^3 \mathrm{~N} / \mathrm{C}$,$1.5$$10^3 \mathrm{~N} / \mathrm{C}$ ,$0.75 \times 10^3 \mathrm{~N} / \mathrm{C}$,$2.0 \times 10^3 \mathrm{~N} / \mathrm{C}$,$1.0 \times 10^3 \mathrm{~N} / \mathrm{C}$,$1.2 \times 10^3 \mathrm{~N} / \mathrm{C}$,$0.5 \times 10^3 \mathrm{~N} / \mathrm{C}$,$3.0 \times 10^3 \mathrm{~N} / \mathrm{C}$,$2.5 \times 10^3 \mathrm{~N} / \mathrm{C}$,$4.0 \times 10^3 \mathrm{~N} / \mathrm{C}$,B,1,physics,scibench-fund,,test
6952,What is a command Economy?,A Command Economy is one where resources are allocated based on a voting system among all citizens.,A Command Economy is one where resources are allocated based on market demand.,"A Command Economy is one where the government only controls key industries, and the rest is market-driven.",A Command Economy is one where resources are allocated by a decentralized system of local governments with no central authority.,A Command Economy is one where resources are distributed evenly among all citizens.,A Command Economy is one in which resources are allocated according to the commands of a central planning authority.,A Command Economy is one where allocation of resources is determined by tradition and cultural practices.,A Command Economy is one where resources are allocated based on the wealth of individuals.,A Command Economy is one in which prices and production levels are determined by non-profit organizations.,A Command Economy is one where allocation of resources is determined by the competition among private companies.,F,5,economics,stemez-Economics,,test
1999,Electrical stimulation of the brain for the treatment of chronic pain,is not effective and can lead to further health complications,"is of no practical significance, since it can only provide temporary relief.",may produce its effects by suppressing the central nervous system,"is of no practical significance, since stimulation-produced analgesia has been demonstrated only in rats",may produce its effects by blocking the pain signals to the brain,"is generally effective, but medically ill-advised because such stimulation has aversive properties","is generally effective, but can lead to addiction",may produce its effects by promoting the release of the neurotransmitter norepinephrine,may produce its effects by promoting the release of the neurotransmitter serotonin,,D,3,psychology,ori_mmlu-professional_psychology,,test
11586,"Using the bond energy table below, determine the enthalpy - - ofethane at STP. Assume that the enthalpy of solid carbon andH_2 gas is zero under these conditions. BOND ENERGIES IN KCAL/G MOLE Bond Energy Bond Energy H-H 104.2 H-I 71.4 C-C 83.1 C-N 69.7 Cl-Cl 58.0 C-O 84.0 Br-Br 46.1 C-Cl 78.5 I-I 36.1 C-Br 65.9 C-H 98.8 C-I 57.4 N-H 93.4 O-O 33.2 O-H 110.6 N\equivN 226 H-Cl 103.2 C=C 147 H-Br 87.5 C\equivC 194",254.1 kcal,532.7 kcal,656 kcal,589.3 kcal,420.8 kcal,128.2 kcal,712.5 kcal,-19.9 kcal,675.9 kcal,343.4 kcal,H,7,engineering,stemez-Thermodynamics,,test
5842,"To which of the following parties will a CPA be liable if the CPA fraudulently issues an unqualified opinion on a corporation's materially misstated financial statements? Corporate shareholders, Corporate bondholders",No No,"To both parties, but only if the CPA had knowledge of the fraudulent activity",Only to corporate bondholders if they can prove reliance on the misstated financial statements,Yes Yes,No Yes,"To neither party, unless they can prove reliance and financial loss due to the misstated financial statements",Yes No,Only to corporate shareholders if they can prove reliance on the misstated financial statements,"To both parties, but only if the CPA had a direct contractual relationship with them","To both parties, but only if they can prove financial loss due to the misstated financial statements",D,3,other,ori_mmlu-professional_accounting,,test
8333,"Statement 1 | If K is a nonzero subgroup of a finitely generated free abelian group, then K is free abelian. Statement 2 | If K is a nonzero subgroup of a finitely generated free abelian group, then G / K is free abelian.","False, True","False, Undetermined","True, False",Both are undetermined,"False, False","Undetermined, True","True, Undetermined","Statement 1 is undetermined, Statement 2 is true","True, True","Undetermined, False",C,2,math,ori_mmlu-abstract_algebra,,test
1650,"A husband is charged with murder in the shooting death of his brother-in-law. In the jurisdiction in which the husband is on trial for murder, the defense of insanity is an affirmative defense. The husband pleads insanity as his defense. At trial, in order to prove his defense of insanity, the husband has",neither the burden of production nor the burden of persuasion.,the burden of proof beyond a reasonable doubt.,the burden of production.,the responsibility to demonstrate a history of mental illness.,the requirement to provide substantial evidence of his insanity at the time of the crime.,the obligation to provide expert medical testimony.,the duty to prove his innocence.,the necessity to convince the jury of his mental instability.,the burden of persuasion only.,,C,2,law,ori_mmlu-professional_law,,test
4528,Assume that all gases are perfect and that data refer to 298.15 K unless otherwise stated. The enthalpy of vaporization of chloroform $\left(\mathrm{CHCl}_3\right)$ is $29.4 \mathrm{~kJ} \mathrm{~mol}^{-1}$ at its normal boiling point of $334.88 \mathrm{~K}$. Calculate the entropy of vaporization of chloroform at this temperature.,+66.5$\mathrm{J} \mathrm{K}^{-1} \mathrm{~mol}^{-1}$,+110.3$\mathrm{J} \mathrm{K}^{-1} \mathrm{~mol}^{-1}$,+87.8$\mathrm{J} \mathrm{K}^{-1} \mathrm{~mol}^{-1}$,+59.2$\mathrm{J} \mathrm{K}^{-1} \mathrm{~mol}^{-1}$,+102.3$\mathrm{J} \mathrm{K}^{-1} \mathrm{~mol}^{-1}$,+93.5$\mathrm{J} \mathrm{K}^{-1} \mathrm{~mol}^{-1}$,+81.9$\mathrm{J} \mathrm{K}^{-1} \mathrm{~mol}^{-1}$,+45.7$\mathrm{J} \mathrm{K}^{-1} \mathrm{~mol}^{-1}$,+75.6$\mathrm{J} \mathrm{K}^{-1} \mathrm{~mol}^{-1}$,+125.4$\mathrm{J} \mathrm{K}^{-1} \mathrm{~mol}^{-1}$,C,2,chemistry,scibench-atkins,,test
2436,It is characteristic of brief crisis-oriented therapy to,avoid setting any specific goals to maintain flexibility,focus on developing a deep understanding of the crisis before setting goals,try to ensure that the client becomes calm and relaxed,agree upon clear-cut goals and keep the sessions focused on these goals,primarily use medication as a means of managing the crisis,encourage clients to disregard their issues until a later time,focus on building long-term coping mechanisms and strategies,rely on group therapy sessions to resolve the crisis,explore early childhood experiences related to the problem,"be open and nondirective, allowing the client the greatest latitude in exploring all aspects of the crisis situation",D,3,psychology,ori_mmlu-professional_psychology,,test
525,The Bears Company had the following inventory data for 19X8. Units Cost per Unit Beginning inventory 10 $8.00 First purchase 7 9.00 Second purchase 5 9.00 Third purchase 8 11.00 Fourth purchase 4 10.00 Fifth purchase 10 12.00 Sixth purchase 6 12.50 Units sold 34 What is the ending inventory using: (a) weighted average? (b) LIFO? (c) FIFO?,"$150, $120, $180","$168, $128, $188","$158, $132, $192","$175, $130, $200","$162, $138, $198","$155, $125, $185","$165, $145, $175","$163.84, $134, $195","$160, $140, $190","$170, $150, $180",H,7,business,stemez-Business,,test
1032,"A state legislature enacts a statute prohibiting the sale of contraceptive devices to married persons. This state statute prohibits the use of contraceptive devices by married persons. A physician who practices in the state brings suit in federal court challenging the constitutionality of the state contraceptive statute. The physician attacks the validity of the statute on the grounds that it prevents him from giving professional advice concerning the use of contraceptives to three patients, all of whom are married, whose condition of health might be endangered by child bearing. The plaintiff is likely",not to have standing.,to have standing.,"to have standing, but only if the patients also sue",not to have standing jus tertii.,"not to have standing, unless the patients join the lawsuit","not to have standing, unless he can prove the health risk","not to have standing, because the law does not directly affect him",to have standing jus tertii.,"to have standing, but only if he can prove the health risk","to have standing, but not on behalf of his patients",D,3,law,ori_mmlu-professional_law,,test
3656,The barometric formula relates the pressure of a gas of molar mass $M$ at an altitude $h$ to its pressure $p_0$ at sea level. Derive this relation by showing that the change in pressure $\mathrm{d} p$ for an infinitesimal change in altitude $\mathrm{d} h$ where the density is $\rho$ is $\mathrm{d} p=-\rho g \mathrm{~d} h$. Remember that $\rho$ depends on the pressure. Evaluate the external atmospheric pressure at a typical cruising altitude of an aircraft (11 km) when the pressure at ground level is 1.0 atm.,0.33,0.72,0.25,0.58,1.00,1.15,0.50,0.85,0.95,0.40,B,1,chemistry,scibench-atkins,,test
4667,"All the silicon and most of the oxygen in the earth's crust exists in the form of silicate minerals, such as granite. If the basic chemical unit of all silicates is the Sio_4^4- ion, which consists of an Si^4+ ion and four O^2- ions, write the electronic configurations of the Si^4+ and O^2- ions in silicate materials.","Si^4+ : 1s^22s^22p^6, O^2- : 1s^22s^22p^6","Si^4+ : 1s^22s^22p^6, O^2- : 1s^22s^22p^4","Si^4+ : 1s^22s^22p^63s^1, O^2- : 1s^22s^22p^63s^23p^4","Si^4+ : 1s^22s^22p^63d^10, O^2- : 1s^22s^22p^63d^10","Si^4+ : 1s^22s^22p^63s^23p^2, O^2- : 1s^22s^22p^63s^23p^2","Si^4+ : 1s^22s^22p^63s^23p^6, O^2- : 1s^22s^22p^63s^23p^6","Si^4+ : 1s^22s^22p^63s^23p^2, O^2- : 1s^22s^22p^6","Si^4+ : 1s^22s^22p^63s^23p^4, O^2- : 1s^22s^22p^63s^1","Si^4+ : 1s^22s^22p^4, O^2- : 1s^22s^22p^63s^23p^6","Si^4+ : 1s^22s^1, O^2- : 1s^22s^22p^63s^2",A,0,chemistry,stemez-Chemistry,,test
12198,Calculate the work done by a perfect gas during an adiabatic frictionlessprocess when its temperature changes from 200°F to 300°F.The molecular weight of the gas is 34.0 and thespecific heat at constant pressure is given by the expressionCp = 0.212 + 0.000059T.,- 19.55 Btu/lb,- 25.47 Btu/lb,- 30.22 Btu/lb,5.67 Btu/lb,8.23 Btu/lb,12.34 Btu/lb,- 15.36 Btu/lb,0 Btu/lb,- 4.19 Btu/lb,- 10.89 Btu/lb,A,0,engineering,stemez-Thermodynamics,,test
672,"On April 1, Douglas, Inc. received a 6% note with a 90 day term for $800. On May 1, the note was discounted at 6%. How much did Douglas, Inc. actually receive?",$790,$808.12,$784.16,$803.88,$815.22,$795.67,$812,$785.50,$820.30,$800,D,3,business,stemez-Business,,test
1459,"A town had been experiencing a rash of bank robberies. All the witnesses at each bank had described a man with a gun who said, ""Get down on the floor and no one has to die today!"" Following a series of leads, the detectives in the case finally made an arrest. At the police station, the suspect was placed in a lineup. One of the victims observed the lineup, and after each of the six participants stated, ""Get down on the floor and no one has to die today,"" the victim identified the suspect as the perpetrator. The defendant's attorney subsequently moved to suppress the out-of-court identification, arguing that because the defendant was forced to speak, this violated his Fifth Amendment right to remain silent, which had been invoked previously by the defendant. The police requirement that the defendant state at the lineup, ""Get down on the floor and no one has to die today""",was a permissible police procedure as the statement was not incriminating.,violated the defendant's right to a fair trial.,was an infringement on the defendant's right to counsel.,was not a violation because the defendant had already invoked his right to remain silent.,would not prohibit the defendant's lineup identification from being introduced at trial.,would make the defendant's lineup identification admissible only if corroborated by other evidence.,invalidated the lineup.,tainted the victim's identification of the defendant.,was an acceptable method of identification because the defendant was not under oath.,,E,4,law,ori_mmlu-professional_law,,test
9218,Consider a ball rolling in a horizontal circular path on the inside surface of a cone. The normal force on the ball,may be greater or less than mg,is less than mg always,is greater than mg always,is dependent on the radius of the circular path,is equal to the gravitational force on the ball,is less than the weight of the ball,is mg,is independent of the mass of the ball,is independent of the surface material of the cone,is dependent on the velocity of the ball,C,2,physics,ori_mmlu-conceptual_physics,,test
4991,"This question refers to the following information.
The following excerpt is from a pamphlet.
You will do me the justice to remember, that I have always strenuously supported the Right of every man to his own opinion, however different that opinion might be to mine. He who denies to another this right, makes a slave of himself to his present opinion, because he precludes himself the right of changing it.
The most formidable weapon against errors of every kind is Reason. I have never used any other, and I trust I never shall.
The circumstance that has now taken place in France of the total abolition of the whole national order of priesthood, and of everything appertaining to compulsive systems of religion, and compulsive articles of faith, has not only precipitated my intention, but rendered a work of this kind exceedingly necessary, lest in the general wreck of superstition, of false systems of government, and false theology, we lose sight of morality, of humanity, and of the theology that is true.
I believe in one God, and no more; and I hope for happiness beyond this life.
I believe in the equality of man; and I believe that religious duties consist in doing justice, loving mercy, and endeavoring to make our fellow-creatures happy.
I do not believe in the creed professed by the Jewish church, by the Roman church, by the Greek church, by the Turkish church, by the Protestant church, nor by any church that I know of. My own mind is my own church.
All national institutions of churches, whether Jewish, Christian or Turkish, appear to me no other than human inventions, set up to terrify and enslave mankind, and monopolize power and profit.
I do not mean by this declaration to condemn those who believe otherwise; they have the same right to their belief as I have to mine.
—Thomas Paine, The Age of Reason, 1794–1795
Paine's statement in the last sentence, criticizing persecution, was most likely influenced by which of the following?",Shifts in political power due to the French Revolution,The rise of capitalism and market economies,New concepts of a deterministic mechanical universe based upon the discovery of Newton's mathematical laws,Increased interfaith dialogue and cooperation,The rejection of religious dogma and the rise of atheism in Europe,Advances in the scientific method and the pursuit of empirical evidence,Europeans gaining a more thorough understanding of the rich cultural diversity through trade and travel,,,,G,6,history,ori_mmlu-high_school_european_history,,test
12237,The output signal- to- noise ratio of two FM receivers is identical and is given as (S_o / N_o) = [{3k^2 \bulletm^2(t)\bullet A^2} / {4\pi^2 \bullet f_m^2 \bullet 2n_mf_m}] Find the ratio of the IF bandwidths of these two recei-vers in order to pass 98% of the signal energy. Given two FM signals 1) km(t) =\beta\omega_mcos(\omega_mt)and 2) km(t) = Gaussian signal with power spectral density and= (n_m / 2)\midf\mid \leq f_m =0elsewhere,1.4,2.5,1.5,1.7,2.0,1.2,2.2,1.9,1.8,1.63,J,9,engineering,stemez-ElectronicCommunications,,test
6234,"A 77-year-old female presents to the office for evaluation of a syncopal event that occurred while she was walking. Cardiac examination reveals a grade 3/6 systolic murmur, heard best at the right upper sternal border. There is radiation of the murmur into the neck. The valvular abnormality that most likely caused this episode is ",tricuspid stenosis,aortic insufficiency,pulmonary stenosis,tricuspid regurgitation,mitral regurgitation,bicuspid aortic valve,mitral stenosis,mitral valve prolapse,aortic stenosis,pulmonary regurgitation,I,8,health,ori_mmlu-professional_medicine,,test
1504,In which of the following situations would the defendant's intoxication NOT be able to negate his criminal culpability? ,"A defendant had been drinking at a local pub and got into a heated argument with another patron. The argument escalated, and the defendant pulled out a pocket knife and stabbed the other patron. The defendant is arrested and charged with attempted murder.","A defendant had been drinking heavily at a friend's house. Later that evening, he decided to drive home despite being significantly over the legal blood alcohol limit. On the way, he ran a red light and hit a pedestrian who was crossing the street. The defendant is arrested and charged with vehicular manslaughter.","A defendant spent the evening drinking at a bar. On his way home, he broke into a house, intending to steal valuables. However, he fell asleep on the couch before he could steal anything. He was discovered by the homeowners and arrested and charged with attempted robbery.","After a night of heavy drinking, a defendant broke into a jewelry store and stole several expensive items. He was caught on the store's surveillance cameras and later arrested and charged with burglary.","A defendant had been drinking liquor all evening at a bar with three of his buddies. An undercover detective overheard the defendant and his buddies plot to rob the bar after closing hours. When the defendant attempted to draw a gun from his coat, he was quickly disarmed and placed under arrest by the detective. The defendant is charged with the crime of conspiracy to commit robbery.",A defendant was drinking at a bar when he noticed a woman leave her purse unattended. He stole the purse and was later arrested and charged with theft.,"A defendant attended a wedding reception at a hotel, where he drank several vodka daiquiris. Following the reception, the defendant engaged in a violent argument with the hotel's parking lot attendant. The defendant took a tire iron from his car and threw it at the attendant. The tire iron missed the attendant and hit a victim as he was entering the hotel. The defendant is arrested and charged with assault with the intent to commit battery.","At his law school graduation party, a defendant drank two six-packs of beer. Around midnight, the defendant was approached by a girl, who asked him to drive her home. Although the girl was only 15 years old, she had the appearance of a woman in her mid-to-late twenties. The defendant, who had had his eye on the girl all night, quickly agreed, and he showed her the way to his car. Once inside, they engaged in sexual intercourse. The age of consent in this jurisdiction is 17 years old for females. The defendant is subsequently arrested and charged with statutory rape.","After consuming a large amount of alcohol at a party, a defendant decided to set a neighbor's car on fire out of spite. He was seen by witnesses and later arrested and charged with arson.","A defendant had consumed a fifth of bourbon. Later that same day, he approached a victim and, brandishing a knife, told her to accompany him or he would stab her. He led the victim to his car and then ordered her to disrobe. As the victim was removing her pantyhose, she kicked the defendant in the head, temporarily dazing him. The victim then safely ran from the car. The defendant is arrested and charged with the crime of assault with the intent to commit rape.",H,7,law,ori_mmlu-professional_law,,test
3775,"How much area, in square meters, will one liter of paint cover if it is brushed out to a uniform thickness of 100 microns?",30 m^2,25 m^2,12 m^2,15 m^2,6 m^2,10 m^2,18 m^2,5 m^2,8 m^2,20 m^2,F,5,chemistry,stemez-Chemistry,,test
7569,"If firms are entering an industry that is monopolistically competitive, we would expect",the number of firms in the industry to decrease.,the market supply to become inelastic.,the market demand to become more elastic.,the market price of the product to decrease.,the demand for existing firms to become more elastic.,the demand for existing firms to become more inelastic.,the market supply to shift rightward.,the demand for existing firms to shift rightward.,the market price of the product to increase.,the demand for existing firms to shift leftward.,J,9,economics,ori_mmlu-high_school_microeconomics,,test
3723,Chemical reactions can be classified as either heterogeneous or homogeneous. Which of the following equations below is best classified as a heterogeneous reaction?,2C2H2(g) + 5O2(g) → 4CO2(g) + 2H2O(g),C2H2(g) + 5N2O(g) → CO2(g) + H2O(g) + 5N2(g),C2H5OH(aq) + O2(aq) → HC2H3O2(aq) + H2O(aq),C(s) + H2O(g) → H2(g) + CO(g),N2(g) + 3H2(g) → 2NH3(g),2H2(g) + O2(g) → 2H2O(g),2CO(g) + O2(g) → 2CO2(g),2H2O2(aq) → 2H2O(l) + O2(g),CH4(g) + 2O2(g) → CO2(g) + 2H2O(g),,D,3,chemistry,ori_mmlu-high_school_chemistry,,test
406,"The workers of ""K. Industry"" are paid a bonus if they produce more than 180 micro circuits in a 40-hour workweek. The premium paid is 50% of the hours saved. They are paid $2.40 an hour. If worker 'A' completes 150 circuits in a week, and worker 'B' completes 198 circuits, how much more than worker 'A' must worker 'B' be paid?",$4.80,$12,$72,$48,$120,$96,$24,$2.40,$60,$100.80,A,0,business,stemez-Business,,test
9393,"A student sets up a Young's experiment using a sodium vapor lamp as a light source and placing his slits 1 m from a screen. He is unsure of the slit separation and, standing beside the slits, he varies the separation and finds the interference pattern vanishes if the slits are too far apart. If the angular resolution of his eye is 1 minute of arc, how far apart are the slits when he just cannot see the interference fringes ?",3.025 mm,3.525 mm,2.025 mm,2.525 mm,1.025 mm,2.225 mm,4.025 mm,0.525 mm,4.525 mm,1.525 mm,C,2,physics,stemez-Physics,,test
