id,domain,subject,question,choice_A,choice_B,choice_C,choice_D,answer,instruction,split
1176,college_mathematics,Математика,"Предположим, что P - это множество многочленов с коэффициентами в Z_5 и степенью меньше или равной 7. Если оператор D отправляет p(x) в P своей производной p'(x), каковы размеры нулевого пространства n и диапазона r из D?",n = 1 и r = 6,n = 1 и r = 7,n = 2 и r = 5,n = 2 и r = 6,D,"Реши задачу по теме {subject}
{text}
A {option_a}
B {option_b}
C {option_c}
D {option_d}
Ответ:",test
2,abstract_algebra,Математика,Найдите все нули в указанном конечном поле данного многочлена с коэффициентами в этом поле. x ^ 5 + 3x ^ 3 + x ^ 2 + 2x в Z_5,0,1,"0,1","0,4",D,"Ниже приведен вопрос на определенную профессиональную тематику {subject} и даны варианты ответа A, B, C, D. Гарантируется, что только один из ответов правильный.
Правильно ответьте на вопрос, выбрав букву A, B, C или D:
{text}
A {option_a}
B {option_b}
C {option_c}
D {option_d}
Ответ:",test
11156,professional_law,Право,"Согласно закону штата о рецидивистах, осуждение в пятый раз за любую форму преступной кражи, связанной с товарами или деньгами на сумму 100 $ и более, считается фелонией, наказуемой пожизненным заключением без права на досрочное освобождение. В послужном списке мужчины было четыре предыдущих судимости за ненасильственные преступления, связанные с кражей или поддельными чеками, каждая из которых касалась имущества или наличных денег на сумму свыше 100 $, но не более 500 $. По пятой судимости, после признания его виновным в передаче поддельного чека на 100 долларов, суд приговорил его к пожизненному заключению без права на условно-досрочное освобождение в соответствии с законом о рецидивистах. Он оспорил приговор и закон, основываясь на запрете Восьмой поправки о жестоком и необычном наказании. Верховный суд США принял решение о сертификации. Признает ли суд приговор недействительным на основании этих фактов?","Да, поскольку тяжесть приговора несоразмерна тяжести преступления, ни одно из которых не повлекло телесных повреждений, и нет возможности условно-досрочного освобождения.","Да, потому что пожизненное заключение никогда не может быть адекватным наказанием за преступление, которое не лишает человека жизни.","Нет, потому что воровство и выдача поддельных чеков стали чрезвычайной ситуацией в стране, требующей жестких мер по защите экономики, учреждений и людей, ставших жертвами.","Нет, потому что суды не вправе пытаться вмешивать свои ценностные суждения в якобы разумные законодательные схемы вынесения приговоров.",A,"Реши задачу по теме {subject}
{text}
A {option_a}
B {option_b}
C {option_c}
D {option_d}
Ответ:",test
2337,elementary_mathematics,Математика,"В пакетике 10 красных фишек и 5 синих фишек. Каковы шансы выбрать голубую фишку, если вы полезете в пакет и выберете одну, не глядя?",1 из 5,2 из 15,5 из 10,5 из 15,D,"Вопрос:
{text}. Варианты ответа:
A {option_a}
B {option_b}
C {option_c}
D {option_d}
Используй знания по теме {subject} и выбери правильный ответ. Выведи только одну букву. Ответ:",test
5011,high_school_psychology,Общество,"Какую теорию эмоций когнитивные психологи, скорее всего, поддержат?",теорию социальной фасилитации,двухфакторную теорию,таламическую теорию,теорию Джеймса-Ланге,B,"Задание содержит вопрос по теме {subject} и 4 варианта ответа A, B, C, D, из которых только один правильный. Выберите букву правильного ответа:
{text}
A {option_a}
B {option_b}
C {option_c}
D {option_d}
Ответ:",test
1671,conceptual_physics,Физика,"Время, необходимое для раскачивания маятника взад и вперед, относится к его",частота,период,длина волны,амплитуда,B,"Задание содержит вопрос по теме {subject} и 4 варианта ответа A, B, C, D, из которых только один правильный. Выберите букву правильного ответа:
{text}
A {option_a}
B {option_b}
C {option_c}
D {option_d}
Ответ:",test
6378,human_sexuality,Общество,"Социобиологи считают, что центральной функцией секса является:",удовольствие,размножение,поддержание двойного стандарта,снятие напряжения,B,"В вопросе ""{text}"" по теме ""{subject}"" есть только один правильный ответ. Варианты ответа:
A {option_a}
B {option_b}
C {option_c}
D {option_d}
Все варианты индексируются одной буквой. Найди правильный ответ и выведи только его букву. Ответ:",test
1284,college_medicine,Медицина,"Ученый, проводящий эксперименты со слуховыми аппаратами, поместил 30 мышей, которые были генетически модифицированы, чтобы потерять слух с помощью новейших технологий, и их протестировали на нажатие рычага, когда они услышали звонок. Это было настроено на различные уровни мощности. При мощности 80% 20 мышей нажали на рычаг. При мощности 70% 15 мышей нажали на рычаг. При мощности 60% 10 мышей нажали на рычаг. Какой из следующих уровней мощности соответствует абсолютному порогу слышимости децибел, производимых колоколом?",80%,70%,60%,Предоставлено недостаточно информации.,B,"Дайте ответ на задание по теме {subject}:
{text}
A {option_a}
B {option_b}
C {option_c}
D {option_d}
Ответом к заданию является буква, отсылающая к правильному варианту ответа.
Ответ:",test
3265,high_school_computer_science,Информационные технологии,"В Python 3, что такое ['a', 'Химия', 0, 1][-3]?",a,Химия,0,1,B,"Дан вопрос по теме {subject}: {text}. Варианты ответа:
A {option_a}
B {option_b}
C {option_c}
D {option_d}
Определи, какой вариант ответа правильный. Напиши только букву этого ответа: A, B, C, D. Ответ:",test
1642,conceptual_physics,Физика,Электрическое поле между парой противоположно заряженных параллельных пластин,ослабевает с увеличением расстояния между пластинами,подчиняется закону обратных квадратов,"И то, и другое","Ни то, ни другое",D,"Ниже приведен вопрос на определенную профессиональную тематику {subject} и даны варианты ответа A, B, C, D. Гарантируется, что только один из ответов правильный.
Правильно ответьте на вопрос, выбрав букву A, B, C или D:
{text}
A {option_a}
B {option_b}
C {option_c}
D {option_d}
Ответ:",test
11976,professional_law,Право,"Департамент имущественного равенства штата Фаргейт - это государственное учреждение, занимающееся тем, что отбирает у богатых, чтобы отдать бедным. Глава департамента обнародовал следующее правило найма: ""Поскольку богатые являются источником всех проблем общества и не могут понять бедственное положение бедных, любой, чей собственный капитал превышает 10 000,00 долларов, не имеет права на работу в этом департаменте"". Немедленно 25 сотрудников отдела увольняются из-за того, что их собственный капитал превышает установленный уровень. Они подают в суд на государство. Какой из нижеперечисленных является правильным анализом и выводом?","Действие является произвольным и капризным, поэтому оно противоречит конституции в соответствии со стандартом строгого контроля.","Действие не считается совершенным государственным субъектом, поскольку перераспределение богатства не является важной функцией правительства.","Право на государственную занятость является защищенным имущественным интересом, и работники, скорее всего, будут иметь преимущественную силу из-за отсутствия надлежащей правовой процедуры.","Богатство - это квази-подозрительный класс, поэтому правило должно провозглашать важную правительственную цель. Искоренение бедности важно, поэтому это правило соответствует такому уровню проверки.",C,"Реши задачу по теме {subject}
{text}
A {option_a}
B {option_b}
C {option_c}
D {option_d}
Ответ:",test
12888,professional_psychology,Общество,"""Согласно модели ситуационного лидерства Херси и Бланшара, ""зрелость сотрудника"" зависит от его:""",этапа развития карьеры.,личности.,навыков и готовности брать на себя ответственность.,убеждений о смысле и ценности работы.,C,"В вопросе ""{text}"" по теме ""{subject}"" есть только один правильный ответ. Варианты ответа:
A {option_a}
B {option_b}
C {option_c}
D {option_d}
Все варианты индексируются одной буквой. Найди правильный ответ и выведи только его букву. Ответ:",test
7970,miscellaneous,Общие факты,"Какой детский телевизионный персонаж известен в Китае как ""Да Ниао""?",Барни,Большая птица,Микки Маус,Тинки-Винки,B,"Задание содержит вопрос по теме {subject} и 4 варианта ответа A, B, C, D, из которых только один правильный.
{text}
A {option_a}
B {option_b}
C {option_c}
D {option_d}
Запишите букву правильного ответа
Ответ:",test
659,clinical_knowledge,Медицина,"Для кого написана публикация ""Ваше руководство по Национальной службе здравоохранения""?",Врачей общей практики.,Групп поддержки пациентов.,Широкой общественности.,"Пациентов, поступивших в больницу.",C,"Реши задачу. В качестве ответа выведи только одну букву в формате ""letter"", где letter - буква, которой соответствует правильный ответ. Тема вопроса:
{subject}
Вопрос:
{text}Ответы:
A {option_a}
B {option_b}
C {option_c}
D {option_d}
Ответ:",test
417,business_ethics,Бизнес,"Вопросы этики в сфере маркетинговых коммуникаций является то, что они _________ и неизбежны, они создают ________ должен, укрепляют _________ и увековечить _________ и ______.","Навязчивый, Искусственный, Потребительство, Незащищенность, Социальные стереотипы","Навязчивый, Искусственный, Де-материализм, Безопасность, Счастье","Навязчивый, Реальный, Потребительство, Незащищенность, Счастье","Навязчивый, Реальный, Де-материализм, Безопасность, Социальные стереотипы",A,"Вопрос:
{text}. Варианты ответа:
A {option_a}
B {option_b}
C {option_c}
D {option_d}
Используй знания по теме {subject} и выбери правильный ответ. Выведи только одну букву. Ответ:",test
8746,moral_scenarios,Философия,"Для какого из этих двух сценариев главный герой (использующий ""я/мне/мой"") совершает что-то явно морально неправильное, согласно обычным моральным стандартам в США по состоянию на 2020 год? Сценарий 1 | У меня закончилась краска для лица для костюма моего ребенка на Хэллоуин, поэтому я использовала краску для мебели, так как мне пришлось импровизировать. Сценарий 2 | Я помогал ему в учебе, делая его доклад.","Неправильно, Неправильно","Неправильно, Правильно","Правильно, Неправильно","Правильно, Правильно",A,"Реши задачу по теме {subject}
{text}
A {option_a}
B {option_b}
C {option_c}
D {option_d}
Ответ:",test
4231,high_school_mathematics,Математика,"Многочлен, который является результатом разложения $ (x ^ 2 + 5x + 6) ^ 2 + (px + q) (x ^ 3 + 7x ^ 2 + 3x) $, имеет степень $ 2 $. Найдите $p+q$.",-2,-4,-1,1,B,"Задание содержит вопрос по теме {subject} и 4 варианта ответа A, B, C, D, из которых только один правильный. Выберите букву правильного ответа:
{text}
A {option_a}
B {option_b}
C {option_c}
D {option_d}
Ответ:",test
8319,moral_disputes,Философия,Какое из следующих возражений против принятия речевых кодексов обсуждает Альтман?,Речевые кодексы поощряют фанатизм.,Речевые кодексы относятся к ненавистникам менее чем на равных.,Речевые кодексы приводят к причинному ущербу.,Все вышеперечисленное,D,"Реши задачу. В качестве ответа выведи только одну букву в формате ""letter"", где letter - буква, которой соответствует правильный ответ. Тема вопроса:
{subject}
Вопрос:
{text}Ответы:
A {option_a}
B {option_b}
C {option_c}
D {option_d}
Ответ:",test
2150,elementary_mathematics,Математика,"Найдите число, которое делает утверждение истинным: 26,1 мм = _ дм.","0,261",261,"2,61",2610,A,"Задание содержит вопрос по теме {subject} и 4 варианта ответа A, B, C, D, из которых только один правильный.
{text}
A {option_a}
B {option_b}
C {option_c}
D {option_d}
Запишите букву правильного ответа
Ответ:",test
7963,miscellaneous,Общие факты,Где находится площадь Гирарделли?,Милан,Рим,"Вашингтон, округ Колумбия",Сан-Франциско,D,"Найдите правильный ответ на вопрос по теме {subject} в задании ниже. В качестве ответа запишите только одну букву выбранного варианта: A, B, C или D без дополнительных объяснений (единственность решения гарантируется).
{text}
A {option_a}
B {option_b}
C {option_c}
D {option_d}
Ответ:",test
2819,high_school_biology,Биология,Какое из следующих утверждений правильно характеризует аутоиммунное заболевание?,Т-клетки атакуют здоровые клетки организма.,"Аневризма - это слабость в стенке кровеносного сосуда, которая приводит к его раздуванию. Сосуд может разорваться и вызвать кровоизлияние.","Гипертонию вызывают несколько факторов: курение, избыточный вес, недостаток физической активности и слишком много соли в рационе.","Болезнь Альцгеймера вызывается накоплением бляшек в головном мозге, что приводит к отмиранию клеток мозга.",A,"Реши задачу. В качестве ответа выведи только одну букву в формате ""letter"", где letter - буква, которой соответствует правильный ответ. Тема вопроса:
{subject}
Вопрос:
{text}Ответы:
A {option_a}
B {option_b}
C {option_c}
D {option_d}
Ответ:",test
9143,moral_scenarios,Философия,"Для какого из этих двух сценариев главный герой (использующий ""я/мне/мой"") совершает что-то явно морально неправильное, согласно обычным моральным стандартам в США по состоянию на 2020 год? Сценарий 1 | Я чувствовал себя сегодня так хорошо, что занялся сексом со своей собакой. Сценарий 2 | Я выставил все самые ценные вещи моей жены на гаражную распродажу.","Неправильно, Неправильно","Неправильно, Правильно","Правильно, Неправильно","Правильно, Правильно",A,"Найдите правильный ответ на вопрос по теме {subject} в задании ниже. В качестве ответа запишите только одну букву выбранного варианта: A, B, C или D без дополнительных объяснений (единственность решения гарантируется).
{text}
A {option_a}
B {option_b}
C {option_c}
D {option_d}
Ответ:",test
3017,high_school_chemistry,Биология,"Субатомной частицей, обладающей наибольшей проникающей способностью, является",бета-частица,нейтрон,протон,альфа-частица,A,"Вопрос:
{text}. Варианты ответа:
A {option_a}
B {option_b}
C {option_c}
D {option_d}
Используй знания по теме {subject} и выбери правильный ответ. Выведи только одну букву. Ответ:",test
13453,sociology,Общество,Что из приведенного ниже лучше всего описывает практику перекладывания вины за проблемы общества на одну конкретную группу?,Этноцентризм,Стереотипизация,Козел отпущения,Институционализация,C,"Найдите правильный ответ на вопрос по теме {subject} в задании ниже. В качестве ответа запишите только одну букву выбранного варианта: A, B, C или D без дополнительных объяснений (единственность решения гарантируется).
{text}
A {option_a}
B {option_b}
C {option_c}
D {option_d}
Ответ:",test
5751,high_school_us_history,История,"Этот вопрос относится к следующей информации.
""Если какое-либо лицо или группы лиц с момента и после принятия этого закона силой возьмут и унесут, или заставят взять и унести, и путем мошенничества или ложного предлога соблазнят, или заставят соблазнить, или попытаются таким образом взять, унести или соблазнить любого негра или мулата из любой части или частей этого содружества в любое другое место или места, какие бы они ни были, за пределами этого содружества, с намерением продать и распорядиться, или сделать так, чтобы их продали, или хранить и держать, или содержать под стражей, или принуждать к содержанию под стражей такого негра или мулата в качестве раба или слуги на всю жизнь или на любой срок, каждое такое лицо или группы лиц, его или их помощники или подстрекатели, по обвинению в этом, в любом суде этого содружества, обладающем компетентной юрисдикцией, считаются виновными в уголовном преступлении"".
— Выдержка из закона Пенсильвании 1826 года
Критики оспорили конституционность этого закона 1826 года в Верховном суде на том основании, что он",нарушил конституционный закон о конфискации имущества и лишении прав состояния.,подорвал смысл статьи Конституции о беглых рабах.,обошел положение Конституции о трех пятых.,"не соответствовал положению о ""выдающемся домене"" Пятой поправки к Конституции.",B,"Задание содержит вопрос по теме {subject} и 4 варианта ответа A, B, C, D, из которых только один правильный. Выберите букву правильного ответа:
{text}
A {option_a}
B {option_b}
C {option_c}
D {option_d}
Ответ:",test
6847,machine_learning,Информационные технологии,"Утверждение 1| Оценка плотности ядра эквивалентна выполнению регрессии ядра со значением Yi = 1/n для каждой точки Xi в исходном наборе данных. Утверждение 2| Глубина изучаемого дерева решений может быть больше, чем количество обучающих примеров, использованных для создания дерева.","Истина, Истина","Ложь, Ложь","Истина, Ложь","Ложь, Истина",B,"Вопрос:
{text}. Варианты ответа:
A {option_a}
B {option_b}
C {option_c}
D {option_d}
Используй знания по теме {subject} и выбери правильный ответ. Выведи только одну букву. Ответ:",test
4591,high_school_microeconomics,Экономика,Дефицит лучше всего определить как,разницу между ограниченными потребностей и ограниченными экономическими ресурсами.,разницу между общей выгодой от действия и общей стоимостью этого действия.,разницу между неограниченными потребностями и ограниченными экономическими ресурсами.,"альтернативные издержки, связанные с выполнением определенного действия.",C,"Задание содержит вопрос по теме {subject} и 4 варианта ответа A, B, C, D, из которых только один правильный. Выберите букву правильного ответа:
{text}
A {option_a}
B {option_b}
C {option_c}
D {option_d}
Ответ:",test
6189,human_aging,Медицина,Благополучие молодых людей положительно связано с какой из форм контроля?,Позитивная переоценка,Снижение стремлений,Первичный контроль,Внутренний контроль,C,"Реши задачу. В качестве ответа выведи только одну букву в формате ""letter"", где letter - буква, которой соответствует правильный ответ. Тема вопроса:
{subject}
Вопрос:
{text}Ответы:
A {option_a}
B {option_b}
C {option_c}
D {option_d}
Ответ:",test
6481,international_law,Право,"В чем проблема ""фрагментации"" международного права?",Фрагментация международного права касается возможности применения разными правовыми режимами одних и тех же норм международного права,"Возможно, что несколько правовых режимов (например, закон об иностранных инвестициях и закон о правах человека) существуют и развиваются изолированно друг от друга, что в конечном итоге приводит к выработке расходящихся норм международного права",Фрагментация - это когда государства по-разному интерпретируют одну и ту же норму международного права,Фрагментация - это когда государства не соглашаются соблюдать определенную норму международного права,B,"Задание содержит вопрос по теме {subject} и 4 варианта ответа A, B, C, D, из которых только один правильный. Выберите букву правильного ответа:
{text}
A {option_a}
B {option_b}
C {option_c}
D {option_d}
Ответ:",test
7022,management,Бизнес,Чем занимается социальное предприятие?,Максимизацией прибыли,Максимизацией доли рынка,Предоставлением общественных услуг,Ведением бизнеса с целью создания социальных благ,D,"Ниже приведен вопрос на определенную профессиональную тематику {subject} и даны варианты ответа A, B, C, D. Гарантируется, что только один из ответов правильный.
Правильно ответьте на вопрос, выбрав букву A, B, C или D:
{text}
A {option_a}
B {option_b}
C {option_c}
D {option_d}
Ответ:",test
2432,formal_logic,Логика,"Постройте полную таблицу истинности для следующего аргумента. Затем, используя таблицу истинности, определите, является ли аргумент допустимым или недопустимым. Если аргумент недопустим, выберите вариант, который представляет контрпример. (Могут быть и другие контрпримеры.)
~G ⊃ H
~H / G",Допустим,"Недопустим. Контрпример, когда G и H истинны","Недопустим. Контрпример, когда G истинно, а H ложно","Недопустим. Контрпример, когда H истинно, а G ложно",A,"Ниже приведен вопрос на определенную профессиональную тематику {subject} и даны варианты ответа A, B, C, D. Гарантируется, что только один из ответов правильный.
Правильно ответьте на вопрос, выбрав букву A, B, C или D:
{text}
A {option_a}
B {option_b}
C {option_c}
D {option_d}
Ответ:",test
1756,conceptual_physics,Физика,"При ударе каратиста по доске, которая ломается, на нее действует сила 3000 Н. Сила, с которой доска воздействует на руку во время этого удара:",меньше 3000 Н,3000 Н,больше 3000 Н,Нужна дополнительная информация,B,"Реши задачу по теме {subject}
{text}
A {option_a}
B {option_b}
C {option_c}
D {option_d}
Ответ:",test
62,conceptual_physics,Физика,Цвета в мыльном пузыре возникают из-за,преобразования частоты света,преломления света,интерференции света,поляризации света,C,"Ниже приведен вопрос на определенную профессиональную тематику {subject} и даны варианты ответа A, B, C, D. Гарантируется, что только один из ответов правильный.
Правильно ответьте на вопрос, выбрав букву A, B, C или D:
{text}
A {option_a}
B {option_b}
C {option_c}
D {option_d}
Ответ:",train
3025,high_school_chemistry,Биология,"Калий-40 - это минорный изотоп калия, встречающийся в природе. Он радиоактивен и может быть обнаружен на простых счетчиках радиации. Сколько протонов, нейтронов и электронов имеет калий-40, когда он входит в состав K2SO4?","21 нейтрон, 19 протонов, 18 электронов","20 нейтронов, 19 протонов, 19 электронов","21 нейтрон, 19 протонов, 19 электронов","19 нейтронов, 19 протонов, 19 электронов",A,"Дан вопрос по теме {subject}: {text}. Варианты ответа:
A {option_a}
B {option_b}
C {option_c}
D {option_d}
Определи, какой вариант ответа правильный. Напиши только букву этого ответа: A, B, C, D. Ответ:",test
6735,logical_fallacies,Логика,"Когда кто-то пытается подкрепить свое утверждение информацией, которая на самом деле не имеет никакого отношения к заявленному утверждению, этот человек, вероятно, привержен какому из следующих заблуждений?",соломенное чучело,генетическое заблуждение,неуместный вывод,отступлене от тезиса,C,"Дан вопрос по теме {subject}: {text}. Варианты ответа:
A {option_a}
B {option_b}
C {option_c}
D {option_d}
Определи, какой вариант ответа правильный. Напиши только букву этого ответа: A, B, C, D. Ответ:",test
13663,us_foreign_policy,Политика,Как развивались отношения между президентом и Конгрессом при Джордже Буше-старшем и Билле Клинтоне?,Конгресс подтвердил свое главенство во внешней политике,Внешняя политика США стала существенно децентрализованной,Президентство приветствовало влияние Конгресса,Ничего из вышеперечисленного,D,"Найдите правильный ответ на вопрос по теме {subject} в задании ниже. В качестве ответа запишите только одну букву выбранного варианта: A, B, C или D без дополнительных объяснений (единственность решения гарантируется).
{text}
A {option_a}
B {option_b}
C {option_c}
D {option_d}
Ответ:",test
9737,philosophy,Философия,"По мнению Росса, на первый взгляд наши обязанности:",могут быть доказаны.,являются самоочевидными.,не могут быть известны.,не являются объективными.,B,"Вопрос:
{text}. Варианты ответа:
A {option_a}
B {option_b}
C {option_c}
D {option_d}
Используй знания по теме {subject} и выбери правильный ответ. Выведи только одну букву. Ответ:",test
3578,high_school_geography,География,"Когда новый дизайн одежды появляется на мировом рынке, информация о нем первоначально распространяется в процессе, известном как",заразная диффузия,диффузия перемещения,инновационная диффузия,иерархическая диффузия,D,"В вопросе ""{text}"" по теме ""{subject}"" есть только один правильный ответ. Варианты ответа:
A {option_a}
B {option_b}
C {option_c}
D {option_d}
Все варианты индексируются одной буквой. Найди правильный ответ и выведи только его букву. Ответ:",test
1258,college_mathematics,Математика,"Пусть f(x, y) = x^3 + y^3 + 3xy для всех вещественных x и y. Тогда существуют различные точки P и Q такие, что f имеет",локальный максимум в P и Q,седловую точку в P и Q,локальный максимум в P и седловую точку в Q,локальный минимум в P и седловую точку в Q,C,"В вопросе ""{text}"" по теме ""{subject}"" есть только один правильный ответ. Варианты ответа:
A {option_a}
B {option_b}
C {option_c}
D {option_d}
Все варианты индексируются одной буквой. Найди правильный ответ и выведи только его букву. Ответ:",test
9149,moral_scenarios,Философия,"В каком из этих двух сценариев главный герой (использующий ""я/мне/мой"") делает что-то явно морально неправильное, согласно обычным моральным нормам, принятым в США по состоянию на 2020 год? Сценарий 1 | Я увидел тонущего человека и бросил камень ему в голову. Сценарий 2 | Я купил несколько компьютерных комплектующих и вернул их после того, как обнаружил, что они сломаны.","Неправильно, Неправильно","Неправильно, Правильно","Правильно, Неправильно","Правильно, Правильно",B,"Реши задачу. В качестве ответа выведи только одну букву в формате ""letter"", где letter - буква, которой соответствует правильный ответ. Тема вопроса:
{subject}
Вопрос:
{text}Ответы:
A {option_a}
B {option_b}
C {option_c}
D {option_d}
Ответ:",test
5542,high_school_statistics,Математика,Рассмотрим проверку гипотезы с H0: μ = 70 и Ha: μ < 70. Какой из следующих вариантов уровня значимости и размера выборки приводит к наибольшей мощности теста при μ = 65?,"α = 0,05, n = 15","α = 0,01, n = 15","α = 0,05, n = 30","α = 0,01, n = 30",C,"Ниже приведен вопрос на определенную профессиональную тематику {subject} и даны варианты ответа A, B, C, D. Гарантируется, что только один из ответов правильный.
Правильно ответьте на вопрос, выбрав букву A, B, C или D:
{text}
A {option_a}
B {option_b}
C {option_c}
D {option_d}
Ответ:",test
7208,marketing,Бизнес,"Организация может предлагать стандартные продукты с приемлемым уровнем качества, но при этом получать прибыль выше среднего, внедряя _____________",лидерство по издержкам.,дифференциацию товара.,стратегию фокусировки.,стратегию следования за рынком.,A,"В вопросе ""{text}"" по теме ""{subject}"" есть только один правильный ответ. Варианты ответа:
A {option_a}
B {option_b}
C {option_c}
D {option_d}
Все варианты индексируются одной буквой. Найди правильный ответ и выведи только его букву. Ответ:",test
2985,high_school_chemistry,Биология,S(s) + O2(g) → SO2(g),"либо S(s), либо O2(g) будут полностью израсходованы","Q должно быть близко к 1,0, поскольку в каждой части уравнения содержится по одному молю газа",эта реакция идет к завершению,добавление O2 изменит константу равновесия,B,"Дан вопрос по теме {subject}: {text}. Варианты ответа:
A {option_a}
B {option_b}
C {option_c}
D {option_d}
Определи, какой вариант ответа правильный. Напиши только букву этого ответа: A, B, C, D. Ответ:",test
6603,jurisprudence,Право,"Какое утверждение ближе всего характеризует принципиальное различие между позициями, которые занимают Гоббс и Локк?",Они по-разному относятся к роли судов в поддержании порядка.,Они расходятся во мнениях относительно роли закона в обществе.,У них противоположные взгляды на природу договорных обязательств.,Они расходятся во взглядах на жизнь до общественного договора.,D,"Найдите правильный ответ на вопрос по теме {subject} в задании ниже. В качестве ответа запишите только одну букву выбранного варианта: A, B, C или D без дополнительных объяснений (единственность решения гарантируется).
{text}
A {option_a}
B {option_b}
C {option_c}
D {option_d}
Ответ:",test
926,college_biology,Биология,"Что из нижеперечисленного изображает правильную последовательность мембран хлоропласта, начиная с самой внутренней и заканчивая самой внешней мембраной?","Тилакоидная мембрана, внутренняя мембрана, наружная мембрана","Внутренняя мембрана, внешняя мембрана, тилакоидная мембрана","Наружная мембрана, внутренняя мембрана, тилакоидная мембрана","Страма, внешняя мембрана, внутренняя мембрана",A,"Реши задачу по теме {subject}
{text}
A {option_a}
B {option_b}
C {option_c}
D {option_d}
Ответ:",test
3103,high_school_chemistry,Биология,"Используя фундаментальные тенденции в электроотрицательности и прочности связей, какая из следующих кислот должна быть самой сильной?",H2S,HI,HBr,H2O,B,"Найдите правильный ответ на вопрос по теме {subject} в задании ниже. В качестве ответа запишите только одну букву выбранного варианта: A, B, C или D без дополнительных объяснений (единственность решения гарантируется).
{text}
A {option_a}
B {option_b}
C {option_c}
D {option_d}
Ответ:",test
9702,philosophy,Философия,"Беркли утверждает, что существование и восприятие - _____.",одно и то же,оба несуществующие,две разные вещи,воображаемые,A,"Ниже приведен вопрос на определенную профессиональную тематику {subject} и даны варианты ответа A, B, C, D. Гарантируется, что только один из ответов правильный.
Правильно ответьте на вопрос, выбрав букву A, B, C или D:
{text}
A {option_a}
B {option_b}
C {option_c}
D {option_d}
Ответ:",test
4336,high_school_mathematics,Математика,"В 1960 году в США было зарегистрировано 450000 случаев заболевания корью. В 1996 году было зарегистрировано 500 случаев. Сколько случаев кори было бы зарегистрировано в 1987 году, если бы количество зарегистрированных случаев с 1960 по 1996 год уменьшалось линейно?",337125,449500,27,112875,D,"Реши задачу по теме {subject}
{text}
A {option_a}
B {option_b}
C {option_c}
D {option_d}
Ответ:",test
7818,miscellaneous,Общие факты,В каком из этих фильмов не снимался Джим Керри?,Целитель Адамс,Шоу Трумана,Тупой и еще тупее,Маска,A,"В вопросе ""{text}"" по теме ""{subject}"" есть только один правильный ответ. Варианты ответа:
A {option_a}
B {option_b}
C {option_c}
D {option_d}
Все варианты индексируются одной буквой. Найди правильный ответ и выведи только его букву. Ответ:",test
2582,global_facts,Общие факты,"По состоянию на 2019 год, примерно какая доля электроэнергии в Соединенных Штатах производилась за счет ископаемого топлива?",23%,43%,63%,83%,C,"Ниже приведен вопрос на определенную профессиональную тематику {subject} и даны варианты ответа A, B, C, D. Гарантируется, что только один из ответов правильный.
Правильно ответьте на вопрос, выбрав букву A, B, C или D:
{text}
A {option_a}
B {option_b}
C {option_c}
D {option_d}
Ответ:",test
5003,high_school_psychology,Общество,Что из перечисленного ниже точно отражает порядок передачи зрительной информации?,Зрительный нерв; ганглиозные клетки; биполярные клетки; палочки и колбочки,Биполярные клетки; ганглиозные клетки; фовеа; зрительный нерв,Палочки и колбочки; сетчатка; зрительный нерв; ганглиозные клетки,Палочки и колбочки; биполярные клетки; ганглиозные клетки; зрительный нерв,D,"Найдите правильный ответ на вопрос по теме {subject} в задании ниже. В качестве ответа запишите только одну букву выбранного варианта: A, B, C или D без дополнительных объяснений (единственность решения гарантируется).
{text}
A {option_a}
B {option_b}
C {option_c}
D {option_d}
Ответ:",test
8075,miscellaneous,Общие факты,С какой скоростью вращается поверхность земли на экваторе?,около 100 миль в час,около 500 миль в час,около 1000 миль в час,около 2000 миль в час,C,"Дан вопрос по теме {subject}: {text}. Варианты ответа:
A {option_a}
B {option_b}
C {option_c}
D {option_d}
Определи, какой вариант ответа правильный. Напиши только букву этого ответа: A, B, C, D. Ответ:",test
9725,philosophy,Философия,"Согласно Миллю, чтобы определить, является ли одно удовольствие более ценным, чем другое, мы должны _____.","определить, какое из них объективно наиболее приятно","определить, какое удовольствие предпочитают наиболее опытные люди",обратиться к философам прошлого,обратиться к науке,B,"Дан вопрос по теме {subject}: {text}. Варианты ответа:
A {option_a}
B {option_b}
C {option_c}
D {option_d}
Определи, какой вариант ответа правильный. Напиши только букву этого ответа: A, B, C, D. Ответ:",test
10685,professional_law,Право,"Обвиняемый и жертва были соседями по комнате в колледже. Обвиняемая играла роль серийного убийцы в школьной пьесе и спросила жертву, может ли она покинуть их квартиру на несколько часов, пока она репетирует. Жертва согласилась, но вскоре вернулась в квартиру, потому что ей было любопытно и хотелось посмотреть, как репетирует обвиняемая. Жертва тихо вернулась в квартиру и спряталась за шторами в столовой, чтобы понаблюдать за репетицией подсудимой. Выполняя свою роль, подсудимая заработала большой мясницкий нож, которым она проткнула занавески у своей ""жертвы"". ""Не зная о подсудимой, жертва, которая пряталась за занавеской, получила удар ножом в грудь и была убита. Если обвиняемая будет привлечена к ответственности за смерть жертвы, она должна быть признана",виновной в убийстве.,виновной в непредумышленном убийстве.,виновной в нанесении побоев.,невиновной.,D,"Дан вопрос по теме {subject}: {text}. Варианты ответа:
A {option_a}
B {option_b}
C {option_c}
D {option_d}
Определи, какой вариант ответа правильный. Напиши только букву этого ответа: A, B, C, D. Ответ:",test
8562,moral_scenarios,Философия,"Для какого из этих двух сценариев главный герой (использующий ""я/мне/мой"") совершает что-то явно морально неправильное, согласно обычным моральным стандартам в США по состоянию на 2020 год? Сценарий 1 | Я продал свой бизнес конкуренту без присутствия моего партнера по спортзалу. Сценарий 2 | Я отказался снимать портрет Дженни, потому что она не хотела платить.","Неправильно, Неправильно","Неправильно, Правильно","Правильно, Неправильно","Правильно, Правильно",D,"Ниже приведен вопрос на определенную профессиональную тематику {subject} и даны варианты ответа A, B, C, D. Гарантируется, что только один из ответов правильный.
Правильно ответьте на вопрос, выбрав букву A, B, C или D:
{text}
A {option_a}
B {option_b}
C {option_c}
D {option_d}
Ответ:",test
2457,formal_logic,Логика,"Выберите лучший перевод на язык логики предикатов: Либо Тейлор, либо Эрик - латте-бой.",Lt ∨ Le,Lx ∨ Ly,tL ∨ eL,Tl ⊃ El,A,"Вопрос:
{text}. Варианты ответа:
A {option_a}
B {option_b}
C {option_c}
D {option_d}
Используй знания по теме {subject} и выбери правильный ответ. Выведи только одну букву. Ответ:",test
11503,professional_law,Право,"Строительная компания ремонтировала и заменяла части тротуара и перил рядом с озером. Строительная бригада начала разбирать старый тротуар и перила, но прекратила работу, когда начало темнеть. Строительная бригада ушла, не установив предупреждающий знак или барьер вокруг рабочей зоны. Несколько часов спустя на тротуаре появился бегун. Не осознавая, что там ведутся строительные работы, бегун споткнулся и упал в том месте, где строительная бригада разорвала тротуар и перила. Бегун упал в озеро. Когда бегун пытался удержаться на плаву, он начал кричать: ""Помогите! Помогите! Я не умею плавать. Я тону. ""Его крики привлекли внимание человека, который проезжал мимо на велосипеде. Велосипедист немедленно поспешил на помощь бегуну. Когда велосипедист перегнулся через край озера, пытаясь помочь бегуну выбраться из воды, он потерял равновесие и упал в озеро. И бегун, и велосипедист получили серьезные телесные повреждения, прежде чем полиция вытащила их из воды. В иске велосипедиста о возмещении ущерба, причиненного ему по неосторожности, строительная компания, скорее всего, будет","привлечена к ответственности, поскольку попытка велосипедиста спасти бегуна была предсказуемой.","привлечена к ответственности, поскольку строительная компания будет нести строгую ответственность перед любым лицом, пострадавшим в результате непредоставления надлежащих предупреждений или ограждений вокруг места ремонта тротуара.","не привлечена к ответственности, поскольку велосипедист взял на себя риск, наклонившись над краем озера.","не привлечена к ответственности, поскольку строительная компания не могла предвидеть, что кто-то пострадает при попытке спасти кого-то из озера.",A,"Найдите правильный ответ на вопрос по теме {subject} в задании ниже. В качестве ответа запишите только одну букву выбранного варианта: A, B, C или D без дополнительных объяснений (единственность решения гарантируется).
{text}
A {option_a}
B {option_b}
C {option_c}
D {option_d}
Ответ:",test
3122,high_school_chemistry,Биология,"Что из нижеперечисленного лучше всего объясняет, почему ионизация атомов может происходить во время фотоэлектронной спектроскопии, даже несмотря на то, что ионизация не является термодинамически благоприятным процессом?","Это экзотермический процесс, обусловленный выделением энергии при освобождении электрона от кулоновского притяжения, удерживающего его на ядре.",Энтропия системы увеличивается из-за отделения электрона от его атома.,"Энергия, содержащаяся в свете, может быть использована для преодоления кулоновского притяжения между электронами и ядром.","Продукты ионизации находятся в более низком энергетическом состоянии, чем реагенты.",C,"Ниже приведен вопрос на определенную профессиональную тематику {subject} и даны варианты ответа A, B, C, D. Гарантируется, что только один из ответов правильный.
Правильно ответьте на вопрос, выбрав букву A, B, C или D:
{text}
A {option_a}
B {option_b}
C {option_c}
D {option_d}
Ответ:",test
7473,miscellaneous,Общие факты,"Какой город известен как ""резиновая столица мира""?","Омаха, Небраска","Рокфорд, Иллинойс","Гранд-Рапидс, Мичиган","Акрон, Огайо",D,"Найдите правильный ответ на вопрос по теме {subject} в задании ниже. В качестве ответа запишите только одну букву выбранного варианта: A, B, C или D без дополнительных объяснений (единственность решения гарантируется).
{text}
A {option_a}
B {option_b}
C {option_c}
D {option_d}
Ответ:",test
11114,professional_law,Право,"В одном городе был принят закон о борьбе с шумом, который ""запрещает использование в общественных местах устройств усиления, которые издают громкие и резкие звуки. "" Муниципалитет принял закон, чтобы защитить тишину и умиротворение своих жителей и избежать помех дорожному движению. Ученик средней школы ехал в своей машине и слушал панк-музыку в своей автомобильной стереосистеме, которая включала набор 12-дюймовых сабвуферов, установленных сзади. Когда ученик проезжал мимо средней школы, он увеличил громкость до самого высокого уровня. Рядом со студентом проехала полицейская машина, и, услышав громкую музыку, сотрудники полиции арестовали студента, предъявив ему обвинение в нарушении закона о борьбе с шумом. Прежде чем студент предстал перед судом, высший суд штата признал закон неконституционным как расплывчатый и чрезмерно широкий. В результате обвинения против студента были сняты, а его дело прекращено. После этого окружная прокуратура решила привлечь студента к ответственности за нарушение закона штата о покушении на совершение преступления. Закон о покушении предусматривал, что юридическая невозможность исполнения не является защитой. После этого студенту было предъявлено обвинение в попытке нарушить закон о борьбе с шумом. На суде студент выступил в качестве свидетеля, давая показания от своего имени. Он показал, что, когда его арестовали, он намеренно включил стереосистему на самый высокий уровень, потому что играла его любимая песня. Будет ли студент признан виновным в нарушении закона о покушении?","Да, потому что он обладал необходимым намерением.","Да, потому что снятие первоначального обвинения не было окончательным решением суда и, следовательно, двойная ответственность не предусмотрена.","Нет, потому что двойная ответственность исключает судебное преследование за покушение после того, как первоначальное обвинение было отклонено.","Нет, потому что обвиняемый не может быть повторно привлечен к ответственности за покушение на совершение преступления, которое было признано неконституционным высшим судом штата.",A,"Дайте ответ на задание по теме {subject}:
{text}
A {option_a}
B {option_b}
C {option_c}
D {option_d}
Ответом к заданию является буква, отсылающая к правильному варианту ответа.
Ответ:",test
3560,high_school_geography,География,Какой теоретик(и) пытался объяснить цены на сельскохозяйственную продукцию в зависимости от моделей землепользования?,Ростоу,Равенштайн,Фон Тюнен,Берджесс,C,"Задание содержит вопрос по теме {subject} и 4 варианта ответа A, B, C, D, из которых только один правильный.
{text}
A {option_a}
B {option_b}
C {option_c}
D {option_d}
Запишите букву правильного ответа
Ответ:",test
9184,moral_scenarios,Философия,"Для какого из этих двух сценариев главный герой (использующий ""я/мне/мой"") совершает что-то явно морально неправильное, согласно обычным моральным стандартам в США по состоянию на 2020 год? Сценарий 1 | Пока мои родители лежали в постели, я начистил их обручальные кольца. Сценарий 2 | Когда я увидел, что вор убегает от полиции, я выставил свою трость, чтобы подставить полицейскому подножку.","Неправильно, Неправильно","Неправильно, Правильно","Правильно, Неправильно","Правильно, Правильно",C,"Дайте ответ на задание по теме {subject}:
{text}
A {option_a}
B {option_b}
C {option_c}
D {option_d}
Ответом к заданию является буква, отсылающая к правильному варианту ответа.
Ответ:",test
10302,prehistory,История,Ключевым фактором выживания и успеха анатомически современных людей была:,их способность управлять огнем и создавать произведения искусства.,их способность к скрещиванию с другими гоминидами.,их способность охотиться на крупных млекопитающих.,их способность к адаптации.,D,"Ниже приведен вопрос на определенную профессиональную тематику {subject} и даны варианты ответа A, B, C, D. Гарантируется, что только один из ответов правильный.
Правильно ответьте на вопрос, выбрав букву A, B, C или D:
{text}
A {option_a}
B {option_b}
C {option_c}
D {option_d}
Ответ:",test
8550,moral_scenarios,Философия,"В каком из этих двух сценариев главный герой (использующий ""я/мне/мой"") делает что-то явно морально неправильное, согласно обычным моральным нормам, принятым в США по состоянию на 2020 год? Сценарий 1 | Когда мой сосед уезжает в отпуск, я забираю его почту. Сценарий 2 | Я смеялся над проделками счастливых обезьян за решеткой.","Неправильно, Неправильно","Неправильно, Правильно","Правильно, Неправильно","Правильно, Правильно",D,"Задание содержит вопрос по теме {subject} и 4 варианта ответа A, B, C, D, из которых только один правильный.
{text}
A {option_a}
B {option_b}
C {option_c}
D {option_d}
Запишите букву правильного ответа
Ответ:",test
7626,miscellaneous,Общие факты,Какое из перечисленных ниже имен не принадлежит детям рок-музыканта Фрэнка Заппы?,Двизил,Ахмет,Мун Юнит,Лампи Грэйви,D,"Реши задачу по теме {subject}
{text}
A {option_a}
B {option_b}
C {option_c}
D {option_d}
Ответ:",test
7895,miscellaneous,Общие факты,Какой из перечисленных ниже источников энергии является возобновляемым?,Дерево,Нефть,Природный газ,Уголь,A,"Дан вопрос по теме {subject}: {text}. Варианты ответа:
A {option_a}
B {option_b}
C {option_c}
D {option_d}
Определи, какой вариант ответа правильный. Напиши только букву этого ответа: A, B, C, D. Ответ:",test
10737,professional_law,Право,"У охранника была лицензия на скрытое ношение пистолета. Однажды он проходил мимо парикмахерской и увидел, что его друга там стригут. Охранник знал, что у парикмахера, пожилого мужчины, были серьезные проблемы с сердцем. Охранник решил подшутить над своим другом. Охранник достал пистолет, ворвался в дверь парикмахерской, направил пистолет на друга и крикнул: ""Не двигайся, или я буду стрелять!"". Парикмахер, решив, что вооруженный злоумышленник собирается застрелить друга, получил сердечный приступ и потерял сознание. Если парикмахер подаст иск против охранника за причинение морального вреда и потребует возмещения ущерба, причиненного сердечным приступом, он должен","выиграть, потому что охранник знал о присутствии парикмахера.","выиграть, потому что охранник напал на друга.","проиграть, потому что парикмахер не был членом ближайшей семьи друга.","проиграть, так как причиненный вред был непредвиденным.",A,"Вопрос:
{text}. Варианты ответа:
A {option_a}
B {option_b}
C {option_c}
D {option_d}
Используй знания по теме {subject} и выбери правильный ответ. Выведи только одну букву. Ответ:",test
1125,college_computer_science,Информационные технологии,"Какое из следующих утверждений о горизонтальной и вертикальной микроархитектуре является верным?
I. Программы для горизонтальных архитектур требуют больше временных шагов, чем программы для вертикальных архитектур.
II. Горизонтальные микрокоманды не кодируются.
III. Горизонтальные микрокоманды обычно имеют один код операции и несколько спецификаторов операндов.",Только I,Только II,Только III,Только II и III,B,"Дан вопрос по теме {subject}: {text}. Варианты ответа:
A {option_a}
B {option_b}
C {option_c}
D {option_d}
Определи, какой вариант ответа правильный. Напиши только букву этого ответа: A, B, C, D. Ответ:",test
4667,high_school_microeconomics,Экономика,"Что из нижеперечисленного верно для фирмы, работающей в условиях совершенной конкуренции в долгосрочной перспективе?",Фирма будет участвовать в неценовой конкуренции.,Фирма получит экономическую прибыль.,Фирма понесет экономические убытки.,Фирма получит нулевую экономическую прибыль.,D,"Вопрос:
{text}. Варианты ответа:
A {option_a}
B {option_b}
C {option_c}
D {option_d}
Используй знания по теме {subject} и выбери правильный ответ. Выведи только одну букву. Ответ:",test
7204,marketing,Бизнес,"___________ происходит, когда структура и содержание веб-сайта улучшаются, чтобы максимально увеличить его размещение на страницах результатов поиска в обычных поисковых системах с использованием релевантных ключевых слов или поисковых фраз.",Платное включение.,Оптимизирование двигателя поиска.,Контекстный поиск.,Платный клик.,B,"Дайте ответ на задание по теме {subject}:
{text}
A {option_a}
B {option_b}
C {option_c}
D {option_d}
Ответом к заданию является буква, отсылающая к правильному варианту ответа.
Ответ:",test
13035,public_relations,Политика,"Согласно Эсману (1972), какие общественности связаны с организацией через общие производственные интересы?",Благоприятные,Функциональные,Нормативные,Диффузные,C,"Дан вопрос по теме {subject}: {text}. Варианты ответа:
A {option_a}
B {option_b}
C {option_c}
D {option_d}
Определи, какой вариант ответа правильный. Напиши только букву этого ответа: A, B, C, D. Ответ:",test
13962,world_religions,Философия,Какой праздник является самым важным для сикхов?,Холи,Дивали,День Байсакхи,Хола Махалла,C,"Ниже приведен вопрос на определенную профессиональную тематику {subject} и даны варианты ответа A, B, C, D. Гарантируется, что только один из ответов правильный.
Правильно ответьте на вопрос, выбрав букву A, B, C или D:
{text}
A {option_a}
B {option_b}
C {option_c}
D {option_d}
Ответ:",test
10349,professional_accounting,Бизнес,"В компании Elan Co. работают два сотрудника. Каждый сотрудник получает две недели оплачиваемого отпуска каждый год. Права на отпуск накапливаются. Один сотрудник, чья недельная зарплата составляет 600 $, взял двухнедельный отпуск в течение года, но другой сотрудник, который зарабатывает 800 $ в неделю, не брал отпуск в течение года. Какие суммы Elan должна указать в своей финансовой отчетности на конец года в качестве обязательств и расходов по отпуску? 
Обязательства Расходы",1600 $ 1200 $,1600 $ 2800 $,0 $ 1200 $,0 $ 2800 $,B,"Реши задачу. В качестве ответа выведи только одну букву в формате ""letter"", где letter - буква, которой соответствует правильный ответ. Тема вопроса:
{subject}
Вопрос:
{text}Ответы:
A {option_a}
B {option_b}
C {option_c}
D {option_d}
Ответ:",test
1177,college_mathematics,Математика,Кратчайшее расстояние от кривой xy = 8 до начала координат равно,4,8,16,2 кв. м,A,"Вопрос:
{text}. Варианты ответа:
A {option_a}
B {option_b}
C {option_c}
D {option_d}
Используй знания по теме {subject} и выбери правильный ответ. Выведи только одну букву. Ответ:",test
10919,professional_law,Право,"Однажды поздно вечером мужчина ехал домой со своей работы охранником в магазине jewefry. Когда мужчина приблизился к железнодорожному переезду, он заметил, что шлагбаумы на переезде были открыты. Мужчина осторожно посмотрел в обе стороны в поисках какого-нибудь поезда. Предположив, что поезда не будет, он въехал на железнодорожные пути. Внезапно встречный поезд врезался в автомобиль мужчины, полностью разрушив его. Мужчина был мертв по прибытии в местную больницу. Неизвестный мужчине охранник железнодорожного переезда в пьяном угаре заснул за контрольным шлагбаумом. Он не увидел и не услышал сигналов от приближающегося поезда, который сбил мужчину и убил его. Железнодорожная компания была хорошо осведомлена об алкоголизме охранника переезда, но продолжала обеспечивать его работой. Однако через две недели после того, как произошел несчастный случай, железнодорожная компания уволила охранника на переезде. Распорядитель имущества этого человека возбуждает иск о неправомерной смерти против железнодорожной компании. Во время судебного разбирательства адвокат по недвижимости этого человека привел в качестве доказательства тот факт, что железнодорожная компания-ответчик уволила охранника на переезде вскоре после аварии. По возражению адвоката железнодорожной компании суд должен","отклонить возражение, поскольку увольнение сотрудника было признанием того, что железнодорожная компания была осведомлена о хроническом алкоголизме пограничника.",отклонить возражение в качестве приемлемого признания по поведению.,"поддержать возражение, поскольку доказательная ценность доказательств была бы перевешена их предвзятым эффектом.","поддержать возражение, поскольку доказательства последующего восстановительного ремонта неприемлемы.",D,"Реши задачу. В качестве ответа выведи только одну букву в формате ""letter"", где letter - буква, которой соответствует правильный ответ. Тема вопроса:
{subject}
Вопрос:
{text}Ответы:
A {option_a}
B {option_b}
C {option_c}
D {option_d}
Ответ:",test
7676,miscellaneous,Общие факты,"Принципы садоводства с использованием засухоустойчивых растений и водосберегающих технологий лучше всего демонстрирует домовладелец, который","устанавливает систему наземного полива, работающую по таймеру","уменьшает высоту среза на газонокосилке, чтобы уменьшить площадь поверхности, соприкасающейся с режущим лезвием","увеличивает использование удобрений для газона, чтобы стимулировать его рост","заменяет неродные декоративные растения на местные кустарники, не требующие полива",D,"Реши задачу по теме {subject}
{text}
A {option_a}
B {option_b}
C {option_c}
D {option_d}
Ответ:",test
188,anatomy,Биология,Какие из перечисленных ниже околоносовых пазух открываются в среднюю часть носового хода?,Передние пазухи решётчатой кости,Передние пазухи решётчатой кости и лобная пазуха,"Передние пазухи решётчатой кости, лобная и гайморова пазухи","Передние пазухи решётчатой кости, лобная, гайморова и клиновидная пазухи",C,"В вопросе ""{text}"" по теме ""{subject}"" есть только один правильный ответ. Варианты ответа:
A {option_a}
B {option_b}
C {option_c}
D {option_d}
Все варианты индексируются одной буквой. Найди правильный ответ и выведи только его букву. Ответ:",test
12732,professional_psychology,Общество,"Амнестические расстройства описывают состояния, при которых наблюдается нарушение памяти при отсутствии других значительных когнитивных нарушений. Какое из следующих утверждений неверно по отношению к амнестическим расстройствам?",Эти расстройства вызывают потерю способности вспоминать усвоенную информацию = антероградную амнезию.,"Человек с таким расстройством конфабулирует, чтобы заполнить пробелы в памяти.","Эти расстройства могут быть вызваны любым патологическим процессом, который затрагивает области мозга, связанные с памятью.",Амнестические расстройства могут быть связаны с приемом снотворных и седативных препаратов.,A,"Ниже приведен вопрос на определенную профессиональную тематику {subject} и даны варианты ответа A, B, C, D. Гарантируется, что только один из ответов правильный.
Правильно ответьте на вопрос, выбрав букву A, B, C или D:
{text}
A {option_a}
B {option_b}
C {option_c}
D {option_d}
Ответ:",test
11513,professional_law,Право,"Подросток - звездный игрок в своей школьной баскетбольной команде. Средняя школа является государственной, и в школе действует политика, согласно которой все учащиеся-спортсмены обязаны подписать форму авторизации, в которой они соглашаются пройти выборочное тестирование на наркотики. Все баскетболисты школьной команды, за исключением подростка, подписали разрешение. В третьей игре сезона команда обыграла своего главного соперника, и подросток набрал рекордные 69 очков. В раздевалке после игры тренер по баскетболу подошел к подростку и попросил его предоставить образец мочи для теста на наркотики. Подросток отказался. Накануне он выкурил немного марихуаны и боялся, что положительный результат теста может поставить под угрозу его получение баскетбольной стипендии в колледже. После этого подросток был отстранен от участия в команде за невыполнение просьбы тренера. Позже тренер признался, что у него не было никаких индивидуальных подозрений в том, что подросток находился под воздействием наркотиков. Подросток подал ходатайство, оспаривающее отстранение от занятий и добивающееся восстановления в баскетбольной команде. Суд, скорее всего, вынесет решение в пользу","школы, потому что образец мочи не является обыском в соответствии с Четвертой поправкой.","школы, потому что тестирование на наркотики не является вторжением в его право на неприкосновенность частной жизни, предусмотренное Четвертой поправкой.","ученика, потому что он не дал согласия на тест на наркотики.","ученика, потому что тренер признал, что у него не было никаких индивидуальных подозрений в том, что ученик находился под воздействием наркотиков.",B,"Найдите правильный ответ на вопрос по теме {subject} в задании ниже. В качестве ответа запишите только одну букву выбранного варианта: A, B, C или D без дополнительных объяснений (единственность решения гарантируется).
{text}
A {option_a}
B {option_b}
C {option_c}
D {option_d}
Ответ:",test
2362,elementary_mathematics,Математика,Школьный округ предлагает увеличить количество дней в учебном году на 5%. В настоящее время в учебном году 180 дней. Какова будет продолжительность учебного года при предлагаемом увеличении?,181 день,183 дня,185 дней,189 дней,D,"Ниже приведен вопрос на определенную профессиональную тематику {subject} и даны варианты ответа A, B, C, D. Гарантируется, что только один из ответов правильный.
Правильно ответьте на вопрос, выбрав букву A, B, C или D:
{text}
A {option_a}
B {option_b}
C {option_c}
D {option_d}
Ответ:",test
12286,professional_medicine,Медицина,"У 68-летней женщины в анамнезе рак молочной железы, который дважды рецидивировал за последние 5 лет. Она прошла лучевую и химиотерапию по поводу метастатической карциномы в кости. Сегодня она пришла в кабинет, чтобы попросить помощи в борьбе с болью в спине в середине грудной клетки, чтобы иметь возможность использовать меньше обезболивающих средств. Наиболее подходящей остеопатической манипулятивной техникой для лечения позвоночника этой пациентки является","высокая скорость, низкая амплитуда",непрямой миофасциальный релиз,изотоническая лечебная физкультура,"средняя скорость, средняя амплитуда",B,"Реши задачу по теме {subject}
{text}
A {option_a}
B {option_b}
C {option_c}
D {option_d}
Ответ:",test
7528,miscellaneous,Общие факты,Какая часть света когда-то была известна как Катай?,Китай,Индия,Иран,Индонезия,A,"В вопросе ""{text}"" по теме ""{subject}"" есть только один правильный ответ. Варианты ответа:
A {option_a}
B {option_b}
C {option_c}
D {option_d}
Все варианты индексируются одной буквой. Найди правильный ответ и выведи только его букву. Ответ:",test
12783,professional_psychology,Общество,___________ вызывается аномальным накоплением спинномозговой жидкости в желудочках мозга.,Спинно-мозговая грыжа,Менингит,Гидроцефалия,Энцефалит,C,"Найдите правильный ответ на вопрос по теме {subject} в задании ниже. В качестве ответа запишите только одну букву выбранного варианта: A, B, C или D без дополнительных объяснений (единственность решения гарантируется).
{text}
A {option_a}
B {option_b}
C {option_c}
D {option_d}
Ответ:",test
7898,miscellaneous,Общие факты,"Бедность, как ее определяет правительство Соединенных Штатов, лучше всего понимать как","значение индекса государственных услуг, таких как Medicaid и государственное жилье",концепция относительной депривации и основана на изменениях в распределении доходов,"абсолютный уровень, установленный в 1960-х годах и с тех пор скорректированный с учетом инфляции на потребительском уровне","концепция, основанная на образе жизни и измеряемая по скользящей шкале, основанной на потребностях отдельного человека",C,"В вопросе ""{text}"" по теме ""{subject}"" есть только один правильный ответ. Варианты ответа:
A {option_a}
B {option_b}
C {option_c}
D {option_d}
Все варианты индексируются одной буквой. Найди правильный ответ и выведи только его букву. Ответ:",test
10270,prehistory,История,На протяжении 99% человеческой истории средства к существованию людей зависели исключительно от _________.,сбора растений,рыбной ловли,сельского хозяйства,фуражировки,D,"Задание содержит вопрос по теме {subject} и 4 варианта ответа A, B, C, D, из которых только один правильный.
{text}
A {option_a}
B {option_b}
C {option_c}
D {option_d}
Запишите букву правильного ответа
Ответ:",test
701,clinical_knowledge,Медицина,Что из нижеперечисленного верно в отношении желтухи?,Бледный стул и темная моча характерны для желтухи при гемолитической анемии,Билирубин используется печенью для синтеза красных кровяных телец,Зуд может быть признаком механической желтухи,"Нанесение наклейки ""Опасность заражения"" на образцы крови, взятые у внутривенного наркомана с желтухой, необязательно",C,"Задание содержит вопрос по теме {subject} и 4 варианта ответа A, B, C, D, из которых только один правильный. Выберите букву правильного ответа:
{text}
A {option_a}
B {option_b}
C {option_c}
D {option_d}
Ответ:",test
7910,miscellaneous,Общие факты,Что является фундаментальной основой конкуренции на рынке со слабо дифференцированными продуктами?,Продвижение,Размещение продукта,Цена,Ценностное предложение,C,"Задание содержит вопрос по теме {subject} и 4 варианта ответа A, B, C, D, из которых только один правильный.
{text}
A {option_a}
B {option_b}
C {option_c}
D {option_d}
Запишите букву правильного ответа
Ответ:",test
4943,high_school_psychology,Общество,Какая из следующих структур расположена в самой центральной и защищенной части мозга?,сомато-сенсорная кора,мозжечок,кора головного мозга,продолговатый мозг,D,"Найдите правильный ответ на вопрос по теме {subject} в задании ниже. В качестве ответа запишите только одну букву выбранного варианта: A, B, C или D без дополнительных объяснений (единственность решения гарантируется).
{text}
A {option_a}
B {option_b}
C {option_c}
D {option_d}
Ответ:",test
4040,high_school_macroeconomics,Экономика,"Если в экономике произошло снижение реального ВВП и уровня цен, это лучше всего объяснить",снижением производительности труда.,технологическим прогрессом.,снижением инвестиций.,ростом чистого экспорта.,C,"Задание содержит вопрос по теме {subject} и 4 варианта ответа A, B, C, D, из которых только один правильный.
{text}
A {option_a}
B {option_b}
C {option_c}
D {option_d}
Запишите букву правильного ответа
Ответ:",test
12013,professional_law,Право,"Обвиняемый и его друг шли по улице, когда столкнулись с жертвой. Друг повернулся к обвиняемому и сказал, что потерпевший задолжал ему немного денег. Затем друг остановил жертву и потребовал деньги. Жертва отказалась платить деньги. Друг внезапно сказал обвиняемому: ""Отдай мне свой пистолет. Я собираюсь разнести этого подонка вдребезги. "" Обвиняемый отдал своему другу свой пистолет, и друг застрелил жертву до смерти. Когда друг и обвиняемый собирались уходить, обвиняемый повернулся к своему другу и сказал: ""Верни мне мой пистолет. Я думаю, этот подонок все еще жив. ""Затем обвиняемый произвел еще два выстрела в тело жертвы. Обвиняемый не знал, что жертва была уже мертва. Какое из перечисленных ниже преступлений является наиболее тяжким, за которое подсудимый может быть осужден?",Покушение на убийство.,Убийство.,Нападение с применением смертоносного оружия.,Сокрытие смертоносного оружия.,B,"Найдите правильный ответ на вопрос по теме {subject} в задании ниже. В качестве ответа запишите только одну букву выбранного варианта: A, B, C или D без дополнительных объяснений (единственность решения гарантируется).
{text}
A {option_a}
B {option_b}
C {option_c}
D {option_d}
Ответ:",test
1817,econometrics,Экономика,Что из нижеперечисленного НЕ было бы следствием использования нестационарных данных в виде уровней?,Регрессия $R ^ 2$ может быть ложно высокой,Тестовые статистики могут не соответствовать стандартным распределениям,Статистические выводы могут быть неверными,Оценки параметров могут быть смещенными,D,"Вопрос:
{text}. Варианты ответа:
A {option_a}
B {option_b}
C {option_c}
D {option_d}
Используй знания по теме {subject} и выбери правильный ответ. Выведи только одну букву. Ответ:",test
9817,philosophy,Философия,"Столкнувшись с жалобой на то, что утилитаризм - это доктрина, достойная свиней, Милль отвечает, что удовольствия различаются по:",чистоте.,качеству.,видам.,весу.,B,"Вопрос:
{text}. Варианты ответа:
A {option_a}
B {option_b}
C {option_c}
D {option_d}
Используй знания по теме {subject} и выбери правильный ответ. Выведи только одну букву. Ответ:",test
8787,moral_scenarios,Философия,"Для какого из этих двух сценариев главный герой (использующий ""я/мне/мой"") делает что-то явно морально неправильное, согласно обычным моральным нормам, принятым в США по состоянию на 2020 год? Сценарий 1 | Я увидел, как пчела села в газировку моей сестры, и предложил ей другую. Сценарий 2 | Я проснулся не с той стороны кровати и постарался сделать все возможное, чтобы день прошел как можно лучше.","Неправильно, Неправильно","Неправильно, Правильно","Правильно, Неправильно","Правильно, Правильно",D,"Вопрос:
{text}. Варианты ответа:
A {option_a}
B {option_b}
C {option_c}
D {option_d}
Используй знания по теме {subject} и выбери правильный ответ. Выведи только одну букву. Ответ:",test
3883,high_school_macroeconomics,Экономика,Какая группа людей больше всего пострадает от повышения уровня цен?,должники с фиксированными процентными ставками,люди с фиксированными денежными доходами,"инвесторы в драгоценные камни, монеты и марки",владельцы недвижимости,B,"Найдите правильный ответ на вопрос по теме {subject} в задании ниже. В качестве ответа запишите только одну букву выбранного варианта: A, B, C или D без дополнительных объяснений (единственность решения гарантируется).
{text}
A {option_a}
B {option_b}
C {option_c}
D {option_d}
Ответ:",test
1677,conceptual_physics,Физика,Какой тип излучения от космических источников преобладает внутри коммерческих высотных самолетов?,Альфа,Бета,Гамма,Ни один из этих,C,"Вопрос:
{text}. Варианты ответа:
A {option_a}
B {option_b}
C {option_c}
D {option_d}
Используй знания по теме {subject} и выбери правильный ответ. Выведи только одну букву. Ответ:",test
1458,college_physics,Физика,"Спутник массой m вращается вокруг планеты массой M по круговой орбите радиуса R. Время, необходимое для одного оборота,",не зависит от M,пропорционально m^(1/2),линейно зависит от R,пропорционально R^(3/2),D,"В вопросе ""{text}"" по теме ""{subject}"" есть только один правильный ответ. Варианты ответа:
A {option_a}
B {option_b}
C {option_c}
D {option_d}
Все варианты индексируются одной буквой. Найди правильный ответ и выведи только его букву. Ответ:",test
5845,high_school_world_history,История,"Этот вопрос относится к следующей информации.
Я иду рядом с колонной, спрашиваю, что происходит.
Солдат говорит просто: ""Они призывают все больше с каждым днем.
""Некоторых из нас отправили на север, к Желтой реке, в возрасте пятнадцати лет,
И теперь, в сорок лет, мы отправляемся в гарнизоны на западе.
Во время нашего первого тура деревенский староста должен был завязать нам банданы.
Когда мы вернулись, наши волосы были седыми, но волнений все равно больше.
Пограничные гарнизоны полны крови, которой хватило бы, чтобы заполнить океан,
но территориальные амбиции Воинственного императора еще не достигли пика.
В сотне районов к востоку от гор, по всей земле Хань,
должно быть, десять тысяч деревень, которые сейчас кишат ежевикой.
Даже если жены достаточно сильны, чтобы управляться с мотыгой и плугом,
Посевы растут в разные стороны, на полях полный беспорядок.
Труднее всего приходится мужчинам из Шаньси, с их репутацией бойцов:
Их окружают, как собак или цыплят, и каждый самец впечатлен.
""Но, сэр, хотя это мило с вашей стороны спросить,
Жаловаться не входит в обязанности солдата.
Мы можем только покачать головами. Возьмем эту зиму:
Войска Шаньси так и не были отправлены домой.
Районные чиновники требуют уплаты земельного налога,
но откуда он возьмется? Ты не можешь получить кровь из камня!
Я, честно говоря, думаю, что сейчас рожать сына - плохая примета,
лучше иметь дочь: по крайней мере, она может выйти замуж
И живи с соседями по соседству.
Но сын закончит тем, что будет лежать в какой-нибудь далекой прерии"".
Ду Фу, ""Баллада об армейских повозках"", около 750 года н.э.
Основываясь на стихотворении и ваших знаниях истории, отношения династии Тан с западными кочевыми народами и приграничными народами основывались на чем из следующего?",Искусная дипломатия и установление клиентских отношений с приграничными кочевниками,"Способность императора династии Тан проецировать военную мощь на границу, чтобы навязывать свою волю",Постоянное поселение ханьцев в приграничных зонах,Выплата дани правителям кочевников,B,"Дан вопрос по теме {subject}: {text}. Варианты ответа:
A {option_a}
B {option_b}
C {option_c}
D {option_d}
Определи, какой вариант ответа правильный. Напиши только букву этого ответа: A, B, C, D. Ответ:",test
1097,college_computer_science,Информационные технологии,Что из перечисленного ниже наилучшим образом приближает отношение числа нетерминальных узлов к общему числу узлов в полном K-арном дереве глубины N?,1/K,K-1/K,log_10 (1/N),N-1/m,A,"Вопрос:
{text}. Варианты ответа:
A {option_a}
B {option_b}
C {option_c}
D {option_d}
Используй знания по теме {subject} и выбери правильный ответ. Выведи только одну букву. Ответ:",test
10808,professional_law,Право,"Отдыхающий во время зимнего лыжного отпуска посетил горнолыжный подъемник в частном парке. Компания по производству подъемников установила и эксплуатировала подъемник в соответствии с концессионным соглашением с владельцем частного парка. Посетители могли попасть в парк, заплатив сбор в размере 5 долларов, который давал им право кататься на коньках, санях или санках-парусинах. Билет на горнолыжный подъемник стоит дополнительно 7 долларов в день. На вершине горнолыжного подъемника находилась платформа для посадки и высадки пассажиров. Компания по производству подъемников выплатила владельцу оговоренную арендную плату плюс 15 процентов от чистой выручки от эксплуатации подъемника. Два сотрудника компании управляли подъемником, один со станции внизу, а другой со станции на вершине холма. Когда отдыхающий поднялся на подъемник, был поздний вечер, и большинство лыжников уже уехали. Он был единственным пассажиром в лифте. Тем временем сотрудник наверху покинул свой пост, чтобы сходить в туалет, попросив своего друга присмотреть за лифтом и остановить его, чтобы позволить всем пассажирам выйти. Друг согласился, и сотрудник показал ему, как пользоваться переключателем управления. Когда отдыхающий приблизился к вершине, служащего все еще не было. Вместо того чтобы остановить лифт, чтобы позволить отдыхающему выйти, друг позволил лифту продолжать движение. Отдыхающего пронесли мимо платформы, и его сильно раскачивало из стороны в сторону, когда горнолыжный подъемник начал спускаться. Когда сотрудник вернулся и оценил ситуацию, он нажал на выключатель, остановив лифт. Отдыхающий, сильно избитый и сильно напуганный, спрыгнул с подъемника и завершил свой спуск пешком. В случае иска отдыхающего о нанесении телесных повреждений владельцу частного парка отдыхающий будет полагаться на концепцию",ответьте вышестоящему.,субсидиарная ответственность.,совместное предприятие.,вменяемая халатность.,C,"В вопросе ""{text}"" по теме ""{subject}"" есть только один правильный ответ. Варианты ответа:
A {option_a}
B {option_b}
C {option_c}
D {option_d}
Все варианты индексируются одной буквой. Найди правильный ответ и выведи только его букву. Ответ:",test
13015,professional_psychology,Общество,"Теория ожиданий предсказывает, что мотивация работника зависит от нескольких факторов, включая “валентность”, которая относится к:","убеждения сотрудника о ценности вознаграждений, предоставляемых за успешную работу.",убеждения сотрудника о внутренней ценности самой работы.,сила мотивации работника и приверженность организации.,"сила компонента мотивации работника, связанного с усилиями (в сравнении со способностями).",A,"Дан вопрос по теме {subject}: {text}. Варианты ответа:
A {option_a}
B {option_b}
C {option_c}
D {option_d}
Определи, какой вариант ответа правильный. Напиши только букву этого ответа: A, B, C, D. Ответ:",test
