мәтін1,мәтін2,жапсырма,idx,белгі_мәтіні,instance,generated_options,option_a,option_b,option_c,option_d
" Менің және сахнаның арасында бағана бар, мен оны көре алмаймын.",Сахнаның айналасын көре алмаймын.,1,33,тарту,"мәтін1:  Менің және сахнаның арасында бағана бар, мен оны көре алмаймын.
мәтін2: Сахнаның айналасын көре алмаймын.
жапсырма: 1","A)  
Менің және сахнаның арасында тірек бар, мен оны көре алмаймын.  

B)  
Менің және сахнаның арасында стержень бар, мен оны көре алмаймын.  

C)  
Менің және сахнаның арасында қолдау бар, мен оны көре алмаймын.  

D)  
Менің және сахнаның арасында штанга бар, мен оны көре алмаймын.  ","Менің және сахнаның арасында тірек бар, мен оны көре алмаймын.","Менің және сахнаның арасында стержень бар, мен оны көре алмаймын.","Менің және сахнаның арасында қолдау бар, мен оны көре алмаймын.","Менің және сахнаның арасында штанга бар, мен оны көре алмаймын."
Дренаж түктермен бітеліп қалған. Оны тазалау керек.,Шашты тазалау керек.,0,0,міндеттеме емес,"мәтін1: Дренаж түктермен бітеліп қалған. Оны тазалау керек.
мәтін2: Шашты тазалау керек.
жапсырма: 0","A)  
Дренаж талшықтармен бітеліп қалған. Оны тазарту керек.

B)  
Дренаж жіптермен бітеліп қалған. Оны тазалауды қажет.

C)  
Дренаж элементтерімен бітеліп қалған. Оны жуып шығару керек.

D)  
Дренаж компоненттерімен бітеліп қалған. Оны тазартуға кезек бар.",Дренаж талшықтармен бітеліп қалған. Оны тазарту керек.,Дренаж жіптермен бітеліп қалған. Оны тазалауды қажет.,Дренаж элементтерімен бітеліп қалған. Оны жуып шығару керек.,Дренаж компоненттерімен бітеліп қалған. Оны тазартуға кезек бар.
"Егер алаяқ Сэмді алдап кетсе, ол көп ақша алар еді.",Алаяқ көп ақша табатын еді.,1,62,тарту,"мәтін1: Егер алаяқ Сэмді алдап кетсе, ол көп ақша алар еді.
мәтін2: Алаяқ көп ақша табатын еді.
жапсырма: 1","A) Егер алаяқ Сэмді алдап шықса, ол көп қаржы алар еді.  
B) Егер алаяқ Сэмді алдап кетсе, ол көп ақшаны алар еді.  
C) Егер алаяқ Сэмді алдап өтсе, ол көп ақша алатын еді.  
D) Егер алаяқ Сэмді алдап кеткен жағдайда, ол көп ақша табатын еді.  ","Егер алаяқ Сэмді алдап шықса, ол көп қаржы алар еді.","Егер алаяқ Сэмді алдап кетсе, ол көп ақшаны алар еді.","Егер алаяқ Сэмді алдап өтсе, ол көп ақша алатын еді.","Егер алаяқ Сэмді алдап кеткен жағдайда, ол көп ақша табатын еді."
Дренаж түктермен бітеліп қалған. Оны тазалау керек.,Дренажды тазалау керек.,1,39,тарту,"мәтін1: Дренаж түктермен бітеліп қалған. Оны тазалау керек.
мәтін2: Дренажды тазалау керек.
жапсырма: 1","A)
Дренаж сымдармен бітеліп қалған. Оны тазарту керек.

B)
Дренаж жіптермен бітеліп қалған. Оны тазалауды қажет.

C)
Дренаж түйіндермен бітеліп қалған. Оны тазартуға тиіс.

D)
Дренаж арналармен бітеліп қалған. Оны тазалау қажет.",Дренаж сымдармен бітеліп қалған. Оны тазарту керек.,Дренаж жіптермен бітеліп қалған. Оны тазалауды қажет.,Дренаж түйіндермен бітеліп қалған. Оны тазартуға тиіс.,Дренаж арналармен бітеліп қалған. Оны тазалау қажет.
" Бет оны бөліп тастаған Саллиге ашуланған жоқ, себебі ол тоқтап, онға дейін санады."," Салли тоқтап, онға дейін санады.",0,2,міндеттеме емес,"мәтін1:  Бет оны бөліп тастаған Саллиге ашуланған жоқ, себебі ол тоқтап, онға дейін санады.
мәтін2:  Салли тоқтап, онға дейін санады.
жапсырма: 0","A)  
Бет оны бөліп тастаған Саллиге ренжіген жоқ, себебі ол тоқтап, онға дейін санады.

B)  
Бет оны бөліп тастаған Саллиге ашуланған емес, себебі ол тоқтап, онға дейін санады.

C)  
Бет оны бөліп тастаған Саллиге наразылық танытқан жоқ, себебі ол тоқтап, онға дейін санады.

D)  
Бет оны бөліп тастаған Саллиге ызаланған жоқ, себебі ол тоқтап, онға дейін санады.","Бет оны бөліп тастаған Саллиге ренжіген жоқ, себебі ол тоқтап, онға дейін санады.","Бет оны бөліп тастаған Саллиге ашуланған емес, себебі ол тоқтап, онға дейін санады.","Бет оны бөліп тастаған Саллиге наразылық танытқан жоқ, себебі ол тоқтап, онға дейін санады.","Бет оны бөліп тастаған Саллиге ызаланған жоқ, себебі ол тоқтап, онға дейін санады."
Дренаж түктермен бітеліп қалған. Оны алып тастау керек.,Дренажды алып тастау керек.,0,40,міндеттеме емес,"мәтін1: Дренаж түктермен бітеліп қалған. Оны алып тастау керек.
мәтін2: Дренажды алып тастау керек.
жапсырма: 0","A)  
Дренаж жіптермен бітеліп қалған. Оны алып тастау қажет.  

B)  
Дренаж талшықтармен бітеліп қалған. Оны алып тастау керек.  

C)  
Дренаж жолақтармен бітеліп қалған. Оны алып тастау қажет.  

D)  
Дренаж секторлармен бітеліп қалған. Оны алып тастау керек.  ",Дренаж жіптермен бітеліп қалған. Оны алып тастау қажет.,Дренаж талшықтармен бітеліп қалған. Оны алып тастау керек.,Дренаж жолақтармен бітеліп қалған. Оны алып тастау қажет.,Дренаж секторлармен бітеліп қалған. Оны алып тастау керек.
" Энн Мэриден кітапхананың қашан жабылатынын сұрады, себебі ол ұмытып кеткен еді.",Мэри ұмытып кеткен еді.,0,21,міндеттеме емес,"мәтін1:  Энн Мэриден кітапхананың қашан жабылатынын сұрады, себебі ол ұмытып кеткен еді.
мәтін2: Мэри ұмытып кеткен еді.
жапсырма: 0","A)  Энн Мэриден кітапхананың қашан бітетінін сұрады, себебі ол ұмытып қалған еді.  

B)  Энн Мэриден кітапхананың қашан тоқтайтынын сұрады, себебі ол ұмытқан еді.  

C)  Энн Мэриден кітапхананың қашан жабылатынын сұрады, себебі ол есінен шығарып алған еді.  

D)  Энн Мэриден кітапхананың қашан аяқталатынын сұрады, себебі ол ұмытқан болатын.  ","Энн Мэриден кітапхананың қашан бітетінін сұрады, себебі ол ұмытып қалған еді.","Энн Мэриден кітапхананың қашан тоқтайтынын сұрады, себебі ол ұмытқан еді.","Энн Мэриден кітапхананың қашан жабылатынын сұрады, себебі ол есінен шығарып алған еді.","Энн Мэриден кітапхананың қашан аяқталатынын сұрады, себебі ол ұмытқан болатын."
Менің картамда бұл ғимарат көрінетініне сенімдімін; ол өте әйгілі.,Ғимарат өте танымал.,1,35,тарту,"мәтін1: Менің картамда бұл ғимарат көрінетініне сенімдімін; ол өте әйгілі.
мәтін2: Ғимарат өте танымал.
жапсырма: 1","A)  
Менің картамда бұл құрылыс көрінетініне сенімдімін; ол өте атақты.  

B)  
Менің картамда бұл нысан көрінетініне сенімдімін; ол өте танымал.  

C)  
Менің картамда бұл ғимарат көрінетініне сенімдімін; ол өте белгілі.  

D)  
Менің картамда бұл ғимарат көрінетініне күмәнданбаймын; ол өте әйгілі.  ",Менің картамда бұл құрылыс көрінетініне сенімдімін; ол өте атақты.,Менің картамда бұл нысан көрінетініне сенімдімін; ол өте танымал.,Менің картамда бұл ғимарат көрінетініне сенімдімін; ол өте белгілі.,Менің картамда бұл ғимарат көрінетініне күмәнданбаймын; ол өте әйгілі.
Жеткізу көлігі мектеп автобусының жанынан өте баяу өтіп бара жатқандықтан өтіп кетті.,Мектеп автобусы өте баяу жүріп келе жатты.,1,23,тарту,"мәтін1: Жеткізу көлігі мектеп автобусының жанынан өте баяу өтіп бара жатқандықтан өтіп кетті.
мәтін2: Мектеп автобусы өте баяу жүріп келе жатты.
жапсырма: 1","A) Жеткізу транспорты мектеп автобусының жанынан өте баяу өтіп бара жатқандықтан өтіп кетті.  
B) Жеткізу көлігі мектеп автобусының жанынан өте баяу қозғалып бара жатқандықтан өтіп кетті.  
C) Жеткізу көлігі мектеп автобусының жанынан тым баяу өтіп бара жатқандықтан өтіп кетті.  
D) Жеткізу көлігі оқу автобусының жанынан өте баяу өтіп бара жатқандықтан өтіп кетті.  ",Жеткізу транспорты мектеп автобусының жанынан өте баяу өтіп бара жатқандықтан өтіп кетті.,Жеткізу көлігі мектеп автобусының жанынан өте баяу қозғалып бара жатқандықтан өтіп кетті.,Жеткізу көлігі мектеп автобусының жанынан тым баяу өтіп бара жатқандықтан өтіп кетті.,Жеткізу көлігі оқу автобусының жанынан өте баяу өтіп бара жатқандықтан өтіп кетті.
" Үлкен шар стирофамнан жасалғандықтан, үстелдің үстінен құлап түсті.",Үлкен шар пенопласттан жасалған.,0,12,міндеттеме емес,"мәтін1:  Үлкен шар стирофамнан жасалғандықтан, үстелдің үстінен құлап түсті.
мәтін2: Үлкен шар пенопласттан жасалған.
жапсырма: 0","A)  
Үлкен шар полистиролдан жасалғандықтан, үстелдің үстінен құлап түсті.  

B)  
Үлкен шар полистиролдан жасалған.  

C)  
Үлкен шар стиролдан жасалғандықтан, үстелдің үстінен құлап түсті.  

D)  
Үлкен шар стиролдан жасалған.  ","Үлкен шар полистиролдан жасалғандықтан, үстелдің үстінен құлап түсті.",Үлкен шар полистиролдан жасалған.,"Үлкен шар стиролдан жасалғандықтан, үстелдің үстінен құлап түсті.",Үлкен шар стиролдан жасалған.
" Сэм Адамнан француз тілі сабақтарын алды, себебі ол француз тілінде еркін сөйлейтіні белгілі болды.",Сэм оны еркін сөйлейтіні белгілі болды.,0,55,міндеттеме емес,"мәтін1:  Сэм Адамнан француз тілі сабақтарын алды, себебі ол француз тілінде еркін сөйлейтіні белгілі болды.
мәтін2: Сэм оны еркін сөйлейтіні белгілі болды.
жапсырма: 0","A) Сэм Адамнан француз тілі сабақтарын қабылдады, себебі ол француз тілінде еркін сөйлейтіні анықталды.

B) Сэм Адамнан француз тілі сабақтарын алды, себебі ол француз тілінде еркін сөйлейтіні мәлім болды.

C) Сэм Адамнан француз тілі сабақтарын үйренді, себебі ол француз тілінде еркін сөйлеу қабілеті бар екендігі белгілі болды.

D) Сэм Адамнан француз тілі дәрістерін алды, себебі ол француз тілінде еркін сөйлейтіндігі айқын болды.","Сэм Адамнан француз тілі сабақтарын қабылдады, себебі ол француз тілінде еркін сөйлейтіні анықталды.","Сэм Адамнан француз тілі сабақтарын алды, себебі ол француз тілінде еркін сөйлейтіні мәлім болды.","Сэм Адамнан француз тілі сабақтарын үйренді, себебі ол француз тілінде еркін сөйлеу қабілеті бар екендігі белгілі болды.","Сэм Адамнан француз тілі дәрістерін алды, себебі ол француз тілінде еркін сөйлейтіндігі айқын болды."
" Журналистер жаңа фильмнің жұлдыздарымен сұхбат жүргізді. Олар өте табанды болды, сондықтан сұхбат ұзаққа созылды.","Журналистер өте табанды болды, сондықтан сұхбат ұзаққа созылды.",1,56,тарту,"мәтін1:  Журналистер жаңа фильмнің жұлдыздарымен сұхбат жүргізді. Олар өте табанды болды, сондықтан сұхбат ұзаққа созылды.
мәтін2: Журналистер өте табанды болды, сондықтан сұхбат ұзаққа созылды.
жапсырма: 1","A) Журналистер жаңа фильмнің жұлдыздарымен сұхбат жасады. Олар өте табанды болды, сондықтан сұхбат ұзаққа созылды.  
B) Журналистер жаңа фильмнің жұлдыздарымен әңгіме жүргізді. Олар өте табанды болды, сондықтан сұхбат ұзаққа созылды.  
C) Журналистер жаңа фильмнің жұлдыздарымен сөйлесу өткізді. Олар өте табанды болды, сондықтан сұхбат ұзаққа созылды.  
D) Журналистер жаңа фильмнің жұлдыздарымен пікір алмасу жасады. Олар өте табанды болды, сондықтан сұхбат ұзаққа созылды.  ","Журналистер жаңа фильмнің жұлдыздарымен сұхбат жасады. Олар өте табанды болды, сондықтан сұхбат ұзаққа созылды.","Журналистер жаңа фильмнің жұлдыздарымен әңгіме жүргізді. Олар өте табанды болды, сондықтан сұхбат ұзаққа созылды.","Журналистер жаңа фильмнің жұлдыздарымен сөйлесу өткізді. Олар өте табанды болды, сондықтан сұхбат ұзаққа созылды.","Журналистер жаңа фильмнің жұлдыздарымен пікір алмасу жасады. Олар өте табанды болды, сондықтан сұхбат ұзаққа созылды."
" Менің және сахнаның арасында бағана бар, мен оның айналасын көре алмаймын.",Мен бағананың айналасын көре алмаймын.,1,7,тарту,"мәтін1:  Менің және сахнаның арасында бағана бар, мен оның айналасын көре алмаймын.
мәтін2: Мен бағананың айналасын көре алмаймын.
жапсырма: 1","A)  
Менің және сахнаның арасында тірек бар, мен оның айналасын көре алмаймын.  

B)  
Менің және сахнаның арасында бағана бар, мен оның жан-жағын көре алмаймын.  

C)  
Менің және сахнаның арасында бағана бар, мен оның айналасында көре алмаймын.  

D)  
Менің және сахнаның арасында бағана бар, мен оның төңірегін көре алмаймын.  ","Менің және сахнаның арасында тірек бар, мен оның айналасын көре алмаймын.","Менің және сахнаның арасында бағана бар, мен оның жан-жағын көре алмаймын.","Менің және сахнаның арасында бағана бар, мен оның айналасында көре алмаймын.","Менің және сахнаның арасында бағана бар, мен оның төңірегін көре алмаймын."
"Алиса тобырдың арасынан досы Джейдті іздеді. Ол әрқашан қызыл сәлде киетіндіктен, Алиса оны тез байқады."," Алиса әрқашан қызыл сәлде киетіндіктен, Алиса оны тез байқады.",0,67,міндеттеме емес,"мәтін1: Алиса тобырдың арасынан досы Джейдті іздеді. Ол әрқашан қызыл сәлде киетіндіктен, Алиса оны тез байқады.
мәтін2:  Алиса әрқашан қызыл сәлде киетіндіктен, Алиса оны тез байқады.
жапсырма: 0","A) Алиса толғаныс арасынан досы Джейдті іздеді. Ол әрқашан қызыл сәлде киетіндіктен, Алиса оны тез аңғарды.

B) Алиса топтың арасынан досы Джейдті іздеді. Ол әрқашан қызыл сәлде киетіндіктен, Алиса оны тез байқап қалды.

C) Алиса жинаудың арасынан досы Джейдті іздеді. Ол әрқашан қызыл сәлде кимейтіндіктен, Алиса оны тез көреді.

D) Алиса жинақтың арасынан досы Джейдті іздеді. Ол әрқашан қызыл сәлде киетіндіктен, Алиса оны тез байқады.","Алиса толғаныс арасынан досы Джейдті іздеді. Ол әрқашан қызыл сәлде киетіндіктен, Алиса оны тез аңғарды.","Алиса топтың арасынан досы Джейдті іздеді. Ол әрқашан қызыл сәлде киетіндіктен, Алиса оны тез байқап қалды.","Алиса жинаудың арасынан досы Джейдті іздеді. Ол әрқашан қызыл сәлде кимейтіндіктен, Алиса оны тез көреді.","Алиса жинақтың арасынан досы Джейдті іздеді. Ол әрқашан қызыл сәлде киетіндіктен, Алиса оны тез байқады."
" Бүгін таңертең Джой жағажайда құмнан сарай тұрғызып, ең биік мұнараға ойыншық жалауша орнатты, бірақ бүгін түстен кейін жел оны құлатып тастады.",Бүгін түстен кейін жел құмды сарайды құлатты.,0,64,міндеттеме емес,"мәтін1:  Бүгін таңертең Джой жағажайда құмнан сарай тұрғызып, ең биік мұнараға ойыншық жалауша орнатты, бірақ бүгін түстен кейін жел оны құлатып тастады.
мәтін2: Бүгін түстен кейін жел құмды сарайды құлатты.
жапсырма: 0","A) Бүгін таңертең Джой жағажайда құмнан сарай тұрғызып, ең биік мұнараға ойыншық жалау орнатты, бірақ бүгін түстен кейін жел оны құлатып жіберді.

B) Бүгін таңертең Джой жағажайда құмнан сарай тұрғызып, ең жоғары мұнараға ойыншық жалауша орналастырды, бірақ бүгін түстен кейін жел оны құлатып қойды.

C) Бүгін таңертең Джой жағажайда құмнан сарай тұрғызып, ең биік мұнараға ойыншық жалауша орналастырды, бірақ бүгін түстен кейін жел оны құлатып жіберді.

D) Бүгін таңертең Джой жағажайда құмнан сарай тұрғызып, ең биік мұнараға ойыншық ту орнатты, бірақ бүгін түстен кейін жел оны құлатты.","Бүгін таңертең Джой жағажайда құмнан сарай тұрғызып, ең биік мұнараға ойыншық жалау орнатты, бірақ бүгін түстен кейін жел оны құлатып жіберді.","Бүгін таңертең Джой жағажайда құмнан сарай тұрғызып, ең жоғары мұнараға ойыншық жалауша орналастырды, бірақ бүгін түстен кейін жел оны құлатып қойды.","Бүгін таңертең Джой жағажайда құмнан сарай тұрғызып, ең биік мұнараға ойыншық жалауша орналастырды, бірақ бүгін түстен кейін жел оны құлатып жіберді.","Бүгін таңертең Джой жағажайда құмнан сарай тұрғызып, ең биік мұнараға ойыншық ту орнатты, бірақ бүгін түстен кейін жел оны құлатты."
" Олар ақыры тынышталып, үйлеріне жеткенде, Фарли мырза сиқырлы тасты темір сейфке салды. Бір күні олар оны пайдаланғысы келуі мүмкін, бірақ шын мәнінде әзірге олар тағы не тілейді?",Бір күні олар сейфті пайдаланғысы келуі мүмкін.,0,49,міндеттеме емес,"мәтін1:  Олар ақыры тынышталып, үйлеріне жеткенде, Фарли мырза сиқырлы тасты темір сейфке салды. Бір күні олар оны пайдаланғысы келуі мүмкін, бірақ шын мәнінде әзірге олар тағы не тілейді?
мәтін2: Бір күні олар сейфті пайдаланғысы келуі мүмкін.
жапсырма: 0","A) Олар ақыры тынышталғанда, үйлеріне жеткенде, Фарли мырза сиқырлы тасты темір сейфке орналастырды. Бір күні олар оны қолданғысы келуі мүмкін, бірақ шын мәнінде әзірше олар тағы не қалайды?  
B) Олар ақыры тынышталғаннан кейін, үйлеріне жеткенде, Фарли мырза сиқырлы тасты темір сейфке орналастырды. Бір күні олар оны қолданғысы келуі мүмкін, бірақ шын мәнінде әзірше олар тағы не тілей алады?  
C) Олар ақыры тынышталғанда, үйлеріне жеткенде, Фарли мырза сиқырлы тасты темір сейфке қосты. Бір күні олар оны қолдануды қалайтын шығар, бірақ шын мәнінде әлі де олар тағы не талап етеді?  
D) Олар ақыры тынышталғанда, үйлеріне жеткенде, Фарли мырза сиқырлы тасты темір сейфке салды. Бір күні олар оны пайдалануға қызығушылық танытуы мүмкін, бірақ шын мәнінде әзірше олар тағы не күтеді?  ","Олар ақыры тынышталғанда, үйлеріне жеткенде, Фарли мырза сиқырлы тасты темір сейфке орналастырды. Бір күні олар оны қолданғысы келуі мүмкін, бірақ шын мәнінде әзірше олар тағы не қалайды?","Олар ақыры тынышталғаннан кейін, үйлеріне жеткенде, Фарли мырза сиқырлы тасты темір сейфке орналастырды. Бір күні олар оны қолданғысы келуі мүмкін, бірақ шын мәнінде әзірше олар тағы не тілей алады?","Олар ақыры тынышталғанда, үйлеріне жеткенде, Фарли мырза сиқырлы тасты темір сейфке қосты. Бір күні олар оны қолдануды қалайтын шығар, бірақ шын мәнінде әлі де олар тағы не талап етеді?","Олар ақыры тынышталғанда, үйлеріне жеткенде, Фарли мырза сиқырлы тасты темір сейфке салды. Бір күні олар оны пайдалануға қызығушылық танытуы мүмкін, бірақ шын мәнінде әзірше олар тағы не күтеді?"
Сұлы печеньесін барлығы қатты ұнатты; шоколадты печеньені бірнеше адам ғана ұнатты. Келесі жолы оларды азырақ жасауымыз керек.,Сұлы печеньесін азырақ жасауымыз керек.,0,17,міндеттеме емес,"мәтін1: Сұлы печеньесін барлығы қатты ұнатты; шоколадты печеньені бірнеше адам ғана ұнатты. Келесі жолы оларды азырақ жасауымыз керек.
мәтін2: Сұлы печеньесін азырақ жасауымыз керек.
жапсырма: 0","A) Сұлы бәлішін барлығы қатты ұнатты; шоколадты бәлішті бірнеше адам ғана ұнатты. Келесі жолы оларды азырақ жасауымыз қажет.

B) Сұлы печеньесін барлығы қатты жақсы көрді; шоколадты печеньені бірнеше адам ғана жақсы көрді. Келесі жолы оларды азырақ жасауымыз керек.

C) Сұлы печеньесін барлығы өте ұнатты; шоколадты печеньені тек бірнеше адам ғана ұнатты. Келесі жолы оларды азырақ жасауымыз қажет.

D) Сұлы тәттісін барлығы қатты бағалады; шоколадты тәттісін бірнеше адам ғана бағалады. Келесі жолы оларды азырақ жасауымыз керек.",Сұлы бәлішін барлығы қатты ұнатты; шоколадты бәлішті бірнеше адам ғана ұнатты. Келесі жолы оларды азырақ жасауымыз қажет.,Сұлы печеньесін барлығы қатты жақсы көрді; шоколадты печеньені бірнеше адам ғана жақсы көрді. Келесі жолы оларды азырақ жасауымыз керек.,Сұлы печеньесін барлығы өте ұнатты; шоколадты печеньені тек бірнеше адам ғана ұнатты. Келесі жолы оларды азырақ жасауымыз қажет.,Сұлы тәттісін барлығы қатты бағалады; шоколадты тәттісін бірнеше адам ғана бағалады. Келесі жолы оларды азырақ жасауымыз керек.
" Олар хабарландыру таратты, бірақ станцияға метро кірді, мен оны ести алмадым.",Мен метроның дыбысын ести алмадым.,0,57,міндеттеме емес,"мәтін1:  Олар хабарландыру таратты, бірақ станцияға метро кірді, мен оны ести алмадым.
мәтін2: Мен метроның дыбысын ести алмадым.
жапсырма: 0","A)
Олар жарнаманы таратты, бірақ станцияға метро кірді, мен оны ести алмай қалдым.

B)
Олар хабарламаны таратты, бірақ станцияға метро кірді, мен оны ести алмай қалғаным.

C)
Олар біліктеуді таратты, бірақ станцияға метро кірді, мен оны ести алмай тұрдым.

D)
Олар ақпаратты таратты, бірақ станцияға метро кірді, мен оны ести алмайсыз.","Олар жарнаманы таратты, бірақ станцияға метро кірді, мен оны ести алмай қалдым.","Олар хабарламаны таратты, бірақ станцияға метро кірді, мен оны ести алмай қалғаным.","Олар біліктеуді таратты, бірақ станцияға метро кірді, мен оны ести алмай тұрдым.","Олар ақпаратты таратты, бірақ станцияға метро кірді, мен оны ести алмайсыз."
" Ешкім Facebook-ке қайғырып, жалғызсырау үшін кірмейді. Бірақ Висконсин университетінің психологы Джордж Линкольннің жаңа зерттеуі дәл осылай сезінуге мәжбүр ететінін айтады.",Facebook бізге дәл осылай әсер етеді.,1,3,тарту,"мәтін1:  Ешкім Facebook-ке қайғырып, жалғызсырау үшін кірмейді. Бірақ Висконсин университетінің психологы Джордж Линкольннің жаңа зерттеуі дәл осылай сезінуге мәжбүр ететінін айтады.
мәтін2: Facebook бізге дәл осылай әсер етеді.
жапсырма: 1","A)
Ешкім Facebook-ке мұңайып, жалғыздыққа батуы үшін кірмейді. Бірақ Висконсин университетінің психологы Джордж Линкольннің жаңа зерттеуі дәл осылайдан сезінуге мәжбүр ететінін айтады.

B)
Ешкім Facebook-ке қайғырып, жалғыздыққа түсу үшін кірмейді. Бірақ Висконсин университетінің психологы Джордж Линкольннің жаңа зерттеуі дәл осылай сезінуге мәжбүр ететінін айтады.

C)
Ешкім Facebook-ке қайғырып, жалғыздыққа бой алдыру үшін кірмейді. Бірақ Висконсин университетінің психологы Джордж Линкольннің жаңа зерттеуі дәл осылай сезінуге мәжбүр ететінін айтады.

D)
Ешкім Facebook-ке мұңайып, жалғызсырау үшін кірмейді. Бірақ Висконсин университетінің психологы Джордж Линкольннің жаңа зерттеуі дәл осылай әсер етуі мәжбүр ететінін айтады.","Ешкім Facebook-ке мұңайып, жалғыздыққа батуы үшін кірмейді. Бірақ Висконсин университетінің психологы Джордж Линкольннің жаңа зерттеуі дәл осылайдан сезінуге мәжбүр ететінін айтады.","Ешкім Facebook-ке қайғырып, жалғыздыққа түсу үшін кірмейді. Бірақ Висконсин университетінің психологы Джордж Линкольннің жаңа зерттеуі дәл осылай сезінуге мәжбүр ететінін айтады.","Ешкім Facebook-ке қайғырып, жалғыздыққа бой алдыру үшін кірмейді. Бірақ Висконсин университетінің психологы Джордж Линкольннің жаңа зерттеуі дәл осылай сезінуге мәжбүр ететінін айтады.","Ешкім Facebook-ке мұңайып, жалғызсырау үшін кірмейді. Бірақ Висконсин университетінің психологы Джордж Линкольннің жаңа зерттеуі дәл осылай әсер етуі мәжбүр ететінін айтады."
Қарашы! Дәл сол үйректің астында кішкентай балық жүзіп жүр! Тезірек қауіпсіз жерге қашып кетуі керек!,Үйректің тезірек қауіпсіз жерге қашып кетуі керек еді!,0,8,міндеттеме емес,"мәтін1: Қарашы! Дәл сол үйректің астында кішкентай балық жүзіп жүр! Тезірек қауіпсіз жерге қашып кетуі керек!
мәтін2: Үйректің тезірек қауіпсіз жерге қашып кетуі керек еді!
жапсырма: 0","A)  
Қарашы! Дәл сол үйректің астында кішкентай балық жүзуші жүр! Тезірек қауіпсіз орынға қашып кетуі керек!  

B)  
Қарашы! Дәл сол үйректің астында кіші балық жүзіп жатыр! Тезірек қауіпсіз жерге қашып шығуы қажет!  

C)  
Қарашы! Дәл сол үйректің астында кішкентай балық жүзіп тұрады! Тезірек қауіпсіз орынға қашып кетуі тиіс!  

D)  
Қарашы! Дәл сол үйректің астында кішкентай балық жүзуде! Тезірек қауіпсіз жерге қашып шығуы керек!  ",Қарашы! Дәл сол үйректің астында кішкентай балық жүзуші жүр! Тезірек қауіпсіз орынға қашып кетуі керек!,Қарашы! Дәл сол үйректің астында кіші балық жүзіп жатыр! Тезірек қауіпсіз жерге қашып шығуы қажет!,Қарашы! Дәл сол үйректің астында кішкентай балық жүзіп тұрады! Тезірек қауіпсіз орынға қашып кетуі тиіс!,Қарашы! Дәл сол үйректің астында кішкентай балық жүзуде! Тезірек қауіпсіз жерге қашып шығуы керек!
" Джон кітапханада зерттеу жүргізіп отырғанда, бір адамның ызыңдап, ысқырғанын естіді. Ол өте тітіркендіргіш еді.",Джон қатты ашулы болды.,0,42,міндеттеме емес,"мәтін1:  Джон кітапханада зерттеу жүргізіп отырғанда, бір адамның ызыңдап, ысқырғанын естіді. Ол өте тітіркендіргіш еді.
мәтін2: Джон қатты ашулы болды.
жапсырма: 0","A) Джон кітапханада зерттеу жасап отырғанда, бір адамның ызыңдап, ысқырғанын естіді. Ол өте мазасыз еді.  
B) Джон кітапханада ғылыми жұмыс жүргізіп отырғанда, бір адамның ызыңдап, ысқырғанын естіді. Ол өте тітіркендіргіш еді.  
C) Джон кітапханада зерттеу жүргізіп отырғанда, бір адамның шудырып, ысқырығанын естіді. Ол өте жағымсыз еді.  
D) Джон кітапханада зерттеу жасап отырғанда, бір адамның ызыңдап, ысқыруын естіді. Ол өте нервозды еді.  ","Джон кітапханада зерттеу жасап отырғанда, бір адамның ызыңдап, ысқырғанын естіді. Ол өте мазасыз еді.","Джон кітапханада ғылыми жұмыс жүргізіп отырғанда, бір адамның ызыңдап, ысқырғанын естіді. Ол өте тітіркендіргіш еді.","Джон кітапханада зерттеу жүргізіп отырғанда, бір адамның шудырып, ысқырығанын естіді. Ол өте жағымсыз еді.","Джон кітапханада зерттеу жасап отырғанда, бір адамның ызыңдап, ысқыруын естіді. Ол өте нервозды еді."
" Бет оны бөліп тастаған Саллиге ашуланған жоқ, себебі ол тоқтап, кешірім сұрады."," Салли тоқтап, кешірім сұрады.",1,32,тарту,"мәтін1:  Бет оны бөліп тастаған Саллиге ашуланған жоқ, себебі ол тоқтап, кешірім сұрады.
мәтін2:  Салли тоқтап, кешірім сұрады.
жапсырма: 1","A)
Бет оны бөліп тастаған Саллиге ренжіген жоқ, себебі ол тоқтап, кешірім сұрады.

B)
Бет оны бөліп тастаған Саллиге ұрсыған жоқ, себебі ол тоқтап, кешірім сұрады.

C)
Бет оны бөліп тастаған Саллиге наразы болған жоқ, себебі ол тоқтап, кешірім сұрады.

D)
Бет оны бөліп тастаған Саллиге ашуланбаған жоқ, себебі ол тоқтап, кешірім сұрады.","Бет оны бөліп тастаған Саллиге ренжіген жоқ, себебі ол тоқтап, кешірім сұрады.","Бет оны бөліп тастаған Саллиге ұрсыған жоқ, себебі ол тоқтап, кешірім сұрады.","Бет оны бөліп тастаған Саллиге наразы болған жоқ, себебі ол тоқтап, кешірім сұрады.","Бет оны бөліп тастаған Саллиге ашуланбаған жоқ, себебі ол тоқтап, кешірім сұрады."
" Егер алаяқ Сэмді алдап кетсе, ол көп ақша алар еді.",Сэм көп ақша табатын еді.,0,15,міндеттеме емес,"мәтін1:  Егер алаяқ Сэмді алдап кетсе, ол көп ақша алар еді.
мәтін2: Сэм көп ақша табатын еді.
жапсырма: 0","A) Егер алаяқ Сэмді алдамаса, ол көп ақша алатын еді.  
B) Егер алаяқ Сэмді алдаған болса, ол көп ақша табатын еді.  
C) Егер алаяқ Сэмді алдап кеткенде, ол көп ақша алатын еді.  
D) Егер алаяқ Сэмді алдап алса, ол көп ақша табар еді.  ","Егер алаяқ Сэмді алдамаса, ол көп ақша алатын еді.","Егер алаяқ Сэмді алдаған болса, ол көп ақша табатын еді.","Егер алаяқ Сэмді алдап кеткенде, ол көп ақша алатын еді.","Егер алаяқ Сэмді алдап алса, ол көп ақша табар еді."
Мен ол ағашты балтамен шауып тастай алмаймын; ол тым жуан.,Ағаш тым қалың.,1,11,тарту,"мәтін1: Мен ол ағашты балтамен шауып тастай алмаймын; ол тым жуан.
мәтін2: Ағаш тым қалың.
жапсырма: 1","A) Мен ол кесені балтамен шауып тастай алмаймын; ол тым қалың.  
B) Мен сол ағашты балтамен жоюға шамам жетпейді; ол тым жуан.  
C) Мен осы ағашты балтамен кесіп тастай алмаймын; ол тым толы.  
D) Мен ол ағашты балтамен жойып тастай алмаймын; ол тым кең.  ",Мен ол кесені балтамен шауып тастай алмаймын; ол тым қалың.,Мен сол ағашты балтамен жоюға шамам жетпейді; ол тым жуан.,Мен осы ағашты балтамен кесіп тастай алмаймын; ол тым толы.,Мен ол ағашты балтамен жойып тастай алмаймын; ол тым кең.
" Сэмнің суреті Тинаның суретінің дәл үстіне ілінген еді, ал тағы біреуі оның астында болса, әлдеқайда әдемі көрінді.",Тинаның суреті астына тағы бір сурет салған кезде әлдеқайда жақсы көрінді.,0,53,міндеттеме емес,"мәтін1:  Сэмнің суреті Тинаның суретінің дәл үстіне ілінген еді, ал тағы біреуі оның астында болса, әлдеқайда әдемі көрінді.
мәтін2: Тинаның суреті астына тағы бір сурет салған кезде әлдеқайда жақсы көрінді.
жапсырма: 0","A) Сэмнің бейнесі Тинаның бейнесінің дәл үстіне ілінген еді, ал тағы біреуі оның астында болса, әлдеқайда сұлу көрінді.  
B) Сэмнің кескіні Тинаның кескініның дәл үстіне ілінген еді, ал тағы біреуі оның астында болса, әлдеқайда көңілді көрінді.  
C) Сэмнің картинасы Тинаның картинасынан дәл үстіне ілінген еді, ал тағы біреуі оның астында болса, әлдеқайда байқалды.  
D) Сэмнің суреті Тинаның суретінен дәл үстіне ілінген еді, ал тағы біреуі оның астында болса, әлдеқайда тартымды көрінді.  ","Сэмнің бейнесі Тинаның бейнесінің дәл үстіне ілінген еді, ал тағы біреуі оның астында болса, әлдеқайда сұлу көрінді.","Сэмнің кескіні Тинаның кескініның дәл үстіне ілінген еді, ал тағы біреуі оның астында болса, әлдеқайда көңілді көрінді.","Сэмнің картинасы Тинаның картинасынан дәл үстіне ілінген еді, ал тағы біреуі оның астында болса, әлдеқайда байқалды.","Сэмнің суреті Тинаның суретінен дәл үстіне ілінген еді, ал тағы біреуі оның астында болса, әлдеқайда тартымды көрінді."
" Джордж қойылымға тегін билеттер алды, бірақ оларды Эрикке берді, себебі ол оны көруге аса құлықсыз болды.",Эрик оны көруге аса құлықсыз болды.,0,70,міндеттеме емес,"мәтін1:  Джордж қойылымға тегін билеттер алды, бірақ оларды Эрикке берді, себебі ол оны көруге аса құлықсыз болды.
мәтін2: Эрик оны көруге аса құлықсыз болды.
жапсырма: 0","A) Джордж спектакльге тегін билеттер алды, бірақ оларды Эрикке берді, себебі ол оны көруге өте құлықсыз болды.

B) Джордж қойылымға ақысыз билеттер алды, бірақ оларды Эрикке берді, себебі ол оны көруге тым құлықсыз болды.

C) Джордж көрсетілімге бепұл билеттер алды, бірақ оларды Эрикке берді, себебі ол оны көруге өте ниетсіз болды.

D) Джордж ұйымдастыруға тегін билеттер алды, бірақ оларды Эрикке берді, себебі ол оны көруге аса ниетсіз болды.","Джордж спектакльге тегін билеттер алды, бірақ оларды Эрикке берді, себебі ол оны көруге өте құлықсыз болды.","Джордж қойылымға ақысыз билеттер алды, бірақ оларды Эрикке берді, себебі ол оны көруге тым құлықсыз болды.","Джордж көрсетілімге бепұл билеттер алды, бірақ оларды Эрикке берді, себебі ол оны көруге өте ниетсіз болды.","Джордж ұйымдастыруға тегін билеттер алды, бірақ оларды Эрикке берді, себебі ол оны көруге аса ниетсіз болды."
"Татьяна әжесінің қонақтарына мол тамақ ұсынғанды ұнататынын білетін. Енді Татьяна әжесінің Татьянаның кішкентай анасын кең, арық құшақтап, оны дастарханға итеріп, орамалын иығынан көтеріп, құрметті орынға отырғызып, жай ғана: «Жеткілікті» деп айтқанын бақылап отырды."," Әже Татьянаның кішкентай анасын кең, арық құшағына алып, үстелге қарай итеріп жіберді.",0,20,міндеттеме емес,"мәтін1: Татьяна әжесінің қонақтарына мол тамақ ұсынғанды ұнататынын білетін. Енді Татьяна әжесінің Татьянаның кішкентай анасын кең, арық құшақтап, оны дастарханға итеріп, орамалын иығынан көтеріп, құрметті орынға отырғызып, жай ғана: «Жеткілікті» деп айтқанын бақылап отырды.
мәтін2:  Әже Татьянаның кішкентай анасын кең, арық құшағына алып, үстелге қарай итеріп жіберді.
жапсырма: 0","A) Татьяна әжесінің қонақтарына мол тағам ұсынғанды ұнататынын білетін. Енді Татьяна әжесінің Татьянаның кішкентай анасын кең, жұқа құшақтап, оны дастарханға итеріп, орамалын иығынан көтеріп, құрметті орынға отырғызып, жай ғана: «Жеткілікті» деп айтты деп бақылап отырды.  
B) Татьяна әжесінің қонақтарына бай тамақ ұсынғанды ұнататынын білетін. Енді Татьяна әжесінің Татьянаның кішкентай анасын кең, арық құшақтап, оны дастарханға итеріп, орамалын иығынан көтеріп, қадірлі орынға отырғызып, жай ғана: «Жеткілікті» деп баяндап отырды.  
C) Татьяна әжесінің қонақтарына мол ас ұсынғанды ұнататынын білетін. Енді Татьяна әжесінің Татьянаның кішкентай анасын кең, жұқа құшақтап, оны дастарханға итеріп, орамалын иығынан көтеріп, құрметті орынға отырғызып, жай ғана: «Көп» деп айтты деп бақылап отырды.  
D) Татьяна әжесінің қонақтарына қуатты тамақ ұсынғанды ұнататынын білетін. Енді Татьяна әжесінің Татьянаның кішкентай анасын кең, арық құшақтап, оны дастарханға итеріп, орамалын иығынан көтеріп, құрметті орынға отырғызып, жай ғана: «Жеткілікті» деп жеткізіп отырды.  ","Татьяна әжесінің қонақтарына мол тағам ұсынғанды ұнататынын білетін. Енді Татьяна әжесінің Татьянаның кішкентай анасын кең, жұқа құшақтап, оны дастарханға итеріп, орамалын иығынан көтеріп, құрметті орынға отырғызып, жай ғана: «Жеткілікті» деп айтты деп бақылап отырды.","Татьяна әжесінің қонақтарына бай тамақ ұсынғанды ұнататынын білетін. Енді Татьяна әжесінің Татьянаның кішкентай анасын кең, арық құшақтап, оны дастарханға итеріп, орамалын иығынан көтеріп, қадірлі орынға отырғызып, жай ғана: «Жеткілікті» деп баяндап отырды.","Татьяна әжесінің қонақтарына мол ас ұсынғанды ұнататынын білетін. Енді Татьяна әжесінің Татьянаның кішкентай анасын кең, жұқа құшақтап, оны дастарханға итеріп, орамалын иығынан көтеріп, құрметті орынға отырғызып, жай ғана: «Көп» деп айтты деп бақылап отырды.","Татьяна әжесінің қонақтарына қуатты тамақ ұсынғанды ұнататынын білетін. Енді Татьяна әжесінің Татьянаның кішкентай анасын кең, арық құшақтап, оны дастарханға итеріп, орамалын иығынан көтеріп, құрметті орынға отырғызып, жай ғана: «Жеткілікті» деп жеткізіп отырды."
" Ер адам баласының салмағы ауыр болғандықтан, оны көтере алмады.",Ұлының салмағы өте ауыр еді.,1,4,тарту,"мәтін1:  Ер адам баласының салмағы ауыр болғандықтан, оны көтере алмады.
мәтін2: Ұлының салмағы өте ауыр еді.
жапсырма: 1","A) Ер адам баласының массасы ауыр болғандықтан, оны көтере алмады.  
B) Ер адам баласының салмағы өте ауыр еді.  
C) Ер адам баласының салмағы ауыр болғандықтан, оны көтере алмады.  
D) Ер адам баласының салмағы тым ауыр еді.  ","Ер адам баласының массасы ауыр болғандықтан, оны көтере алмады.",Ер адам баласының салмағы өте ауыр еді.,"Ер адам баласының салмағы ауыр болғандықтан, оны көтере алмады.",Ер адам баласының салмағы тым ауыр еді.
" Мен лимон ағаштарында лимондар өсіп тұрған бақшаның суретін салуға тырыстым, бірақ олар шамдарға көбірек ұқсап шықты.",Лимон ағаштары шамдарға көбірек ұқсап шықты.,0,13,міндеттеме емес,"мәтін1:  Мен лимон ағаштарында лимондар өсіп тұрған бақшаның суретін салуға тырыстым, бірақ олар шамдарға көбірек ұқсап шықты.
мәтін2: Лимон ағаштары шамдарға көбірек ұқсап шықты.
жапсырма: 0","A)  Мен лимон шалқаларында лимондар өскен бақшаның суретін салуға тырыстым, бірақ олар шамдарға көбірек ұқсап шықты.  
B)  Мен лимон ағаштарында лимондар өскен бақтың суретін салуға тырыстым, бірақ олар шамдарға көбірек ұқсап шықты.  
C)  Мен лимон ағаштарында лимондар өсіп тұрған бақтың суретін салуға тырыстым, бірақ олар шамдарға көбірек ұқсас шықты.  
D)  Мен лимон ағаштарында лимондар өсіп тұрған бақшаның суретін сызуға тырыстым, бірақ олар шамдарға көбірек ұқсап шықты.  ","Мен лимон шалқаларында лимондар өскен бақшаның суретін салуға тырыстым, бірақ олар шамдарға көбірек ұқсап шықты.","Мен лимон ағаштарында лимондар өскен бақтың суретін салуға тырыстым, бірақ олар шамдарға көбірек ұқсап шықты.","Мен лимон ағаштарында лимондар өсіп тұрған бақтың суретін салуға тырыстым, бірақ олар шамдарға көбірек ұқсас шықты.","Мен лимон ағаштарында лимондар өсіп тұрған бақшаның суретін сызуға тырыстым, бірақ олар шамдарға көбірек ұқсап шықты."
" Ларри бұрын әкесіне жұмысына көмектескен. Бірақ қазір ол оған көмектесе алмады, өйткені әкесі теміржол компаниясындағы бастығы кеңседе өзінен басқа ешкімнің жұмыс істегенін қаламайтынын айтты.",Ол енді Ларриге көмектесе алмады.,0,37,міндеттеме емес,"мәтін1:  Ларри бұрын әкесіне жұмысына көмектескен. Бірақ қазір ол оған көмектесе алмады, өйткені әкесі теміржол компаниясындағы бастығы кеңседе өзінен басқа ешкімнің жұмыс істегенін қаламайтынын айтты.
мәтін2: Ол енді Ларриге көмектесе алмады.
жапсырма: 0","A) Ларри бұрын әкесіне жұмысына қол ұшын берген. Бірақ қазір ол оған қолдау көрсете алмады, өйткені әкесі теміржол компаниясындағы бастығы кеңседе өзінен басқа ешкімнің жұмыс істегенін қаламайтынын айтты. 

B) Ларри бұрын әкесіне қызметіне көмектескен. Бірақ қазір ол оған көмек көрсете алмады, өйткені әкесі теміржол компаниясындағы бастығы кеңседе өзінен басқа ешкімнің жұмыс істегенін қаламайтынын айтты. 

C) Ларри бұрын әкесіне істеуге көмектескен. Бірақ қазір ол оған қолдау көрсетуге мүмкіндік алмады, өйткені әкесі теміржол компаниясындағы бастығы кеңседе өзінен басқа ешкімнің жұмыс істегенін қаламайтынын айтты. 

D) Ларри бұрын әкесіне міндетіне көмектескен. Бірақ қазір ол оған көмек көрсетуге қабілетсіз болды, өйткені әкесі теміржол компаниясындағы бастығы кеңседе өзінен басқа ешкімнің жұмыс істегенін қаламайтынын айтты.","Ларри бұрын әкесіне жұмысына қол ұшын берген. Бірақ қазір ол оған қолдау көрсете алмады, өйткені әкесі теміржол компаниясындағы бастығы кеңседе өзінен басқа ешкімнің жұмыс істегенін қаламайтынын айтты.","Ларри бұрын әкесіне қызметіне көмектескен. Бірақ қазір ол оған көмек көрсете алмады, өйткені әкесі теміржол компаниясындағы бастығы кеңседе өзінен басқа ешкімнің жұмыс істегенін қаламайтынын айтты.","Ларри бұрын әкесіне істеуге көмектескен. Бірақ қазір ол оған қолдау көрсетуге мүмкіндік алмады, өйткені әкесі теміржол компаниясындағы бастығы кеңседе өзінен басқа ешкімнің жұмыс істегенін қаламайтынын айтты.","Ларри бұрын әкесіне міндетіне көмектескен. Бірақ қазір ол оған көмек көрсетуге қабілетсіз болды, өйткені әкесі теміржол компаниясындағы бастығы кеңседе өзінен басқа ешкімнің жұмыс істегенін қаламайтынын айтты."
" Ларри бұрын әкесіне жұмысына көмектескен. Бірақ қазір ол оған көмектесе алмады, өйткені әкесі теміржол компаниясындағы бастығы кеңседе өзінен басқа ешкімнің жұмыс істегенін қаламайтынын айтты.",Ларри енді оған көмектесе алмады.,1,28,тарту,"мәтін1:  Ларри бұрын әкесіне жұмысына көмектескен. Бірақ қазір ол оған көмектесе алмады, өйткені әкесі теміржол компаниясындағы бастығы кеңседе өзінен басқа ешкімнің жұмыс істегенін қаламайтынын айтты.
мәтін2: Ларри енді оған көмектесе алмады.
жапсырма: 1","A) Ларри бұрын әкесіне жұмысында көмектескен. Бірақ қазір ол оған көмектесе алмады, өйткені әкесі теміржол компаниясындағы жетекші кеңседе өзінен басқа ешкімнің еңбек атқарғанын қаламайтынын айтты.

B) Ларри бұрын әкесіне қызметіне көмектескен. Бірақ қазір ол оған көмектесе алмады, өйткені әкесі теміржол компаниясындағы басшы кеңседе өзінен басқа ешкімнің жұмыс жасағанын қаламайтынын айтты.

C) Ларри бұрын әкесіне жұмысына көмектескен. Бірақ қазір ол оған көмек көрсете алмады, өйткені әкесі теміржол компаниясындағы жетекші кеңседе өзінен басқа ешкімнің жұмыс істегенін қаламайтынын айтты.

D) Ларри бұрын әкесіне кәсіпіне көмектескен. Бірақ қазір ол оған көмектесе алмады, өйткені әкесі теміржол компаниясындағы бастығы кеңседе өзінен басқа ешкімнің қызмет атқарғанын қаламайтынын айтты.","Ларри бұрын әкесіне жұмысында көмектескен. Бірақ қазір ол оған көмектесе алмады, өйткені әкесі теміржол компаниясындағы жетекші кеңседе өзінен басқа ешкімнің еңбек атқарғанын қаламайтынын айтты.","Ларри бұрын әкесіне қызметіне көмектескен. Бірақ қазір ол оған көмектесе алмады, өйткені әкесі теміржол компаниясындағы басшы кеңседе өзінен басқа ешкімнің жұмыс жасағанын қаламайтынын айтты.","Ларри бұрын әкесіне жұмысына көмектескен. Бірақ қазір ол оған көмек көрсете алмады, өйткені әкесі теміржол компаниясындағы жетекші кеңседе өзінен басқа ешкімнің жұмыс істегенін қаламайтынын айтты.","Ларри бұрын әкесіне кәсіпіне көмектескен. Бірақ қазір ол оған көмектесе алмады, өйткені әкесі теміржол компаниясындағы бастығы кеңседе өзінен басқа ешкімнің қызмет атқарғанын қаламайтынын айтты."
Джейн аш болғандықтан Джоанға кәмпит берді.,Джейн аш болды.,0,24,міндеттеме емес,"мәтін1: Джейн аш болғандықтан Джоанға кәмпит берді.
мәтін2: Джейн аш болды.
жапсырма: 0","A)
Джейн ашар болғандықтан Джоанға тәтті берді.

B)
Джейн ашық болғандықтан Джоанға кәмпит берді.

C)
Джейн қарны аш болғандықтан Джоанға кондитерлік берді.

D)
Джейн тамақсыз болғандықтан Джоанға қант қалдык берді.",Джейн ашар болғандықтан Джоанға тәтті берді.,Джейн ашық болғандықтан Джоанға кәмпит берді.,Джейн қарны аш болғандықтан Джоанға кондитерлік берді.,Джейн тамақсыз болғандықтан Джоанға қант қалдык берді.
Полиция банда мүшелерінің барлығын тұтқындады. Олар көршілес ауданда есірткі саудасын жүргізуге тырысты.,Полиция ауданда есірткі саудасын басқаруға тырысты.,0,45,міндеттеме емес,"мәтін1: Полиция банда мүшелерінің барлығын тұтқындады. Олар көршілес ауданда есірткі саудасын жүргізуге тырысты.
мәтін2: Полиция ауданда есірткі саудасын басқаруға тырысты.
жапсырма: 0","A) Полицейлер банда мүшелерінің барлығын тұтқындады. Олар көршілес ауданында есірткі сатумен айналысуға тырысты.  
B) Полиция қылмыстық топ мүшелерінің барлығын ұстап алды. Олар көршілес ауданда наркотиктердің саудасын жүргізуге талпынды.  
C) Полиция банда мүшелерінің барлықтарын қолға түсірді. Олар көршілес мекенде есірткі саудасымен айналысуға әрекет жасады.  
D) Полицейлер қылмыстық топтың мүшелерінің барлығын қамап алды. Олар көршілес аймақта есірткі бизнесімен шұғылдануға ұмтылды.  ",Полицейлер банда мүшелерінің барлығын тұтқындады. Олар көршілес ауданында есірткі сатумен айналысуға тырысты.,Полиция қылмыстық топ мүшелерінің барлығын ұстап алды. Олар көршілес ауданда наркотиктердің саудасын жүргізуге талпынды.,Полиция банда мүшелерінің барлықтарын қолға түсірді. Олар көршілес мекенде есірткі саудасымен айналысуға әрекет жасады.,Полицейлер қылмыстық топтың мүшелерінің барлығын қамап алды. Олар көршілес аймақта есірткі бизнесімен шұғылдануға ұмтылды.
Боб тротуарда құлап түсті. Көп ұзамай ол Карлдың көмекке келе жатқанын көрді. Ол қатты ауырып жатқан еді.,Карл қатты ауырып қалды.,0,18,міндеттеме емес,"мәтін1: Боб тротуарда құлап түсті. Көп ұзамай ол Карлдың көмекке келе жатқанын көрді. Ол қатты ауырып жатқан еді.
мәтін2: Карл қатты ауырып қалды.
жапсырма: 0","A)  
Боб көшеде құлап түсті. Көп ұзамай ол Карлдың көмекке келе жатқанын көрді. Ол қатты ауырып жатқан болатын.

B)  
Боб жолда құлап түсті. Көп ұзамай ол Карлдың көмекке келе жатқанын көрді. Ол қатты ауырып жатқан еді.

C)  
Боб тротуарында құлап түсті. Көп ұзамай ол Карлдың көмекке келе жатқанын байқады. Ол қатты ауырып жатқан болатын.

D)  
Боб тротуарда құлап түсті. Көп ұзамай ол Карлдың көмекке келе жатқанын байқады. Ол ауыр ауырып жатқан еді.",Боб көшеде құлап түсті. Көп ұзамай ол Карлдың көмекке келе жатқанын көрді. Ол қатты ауырып жатқан болатын.,Боб жолда құлап түсті. Көп ұзамай ол Карлдың көмекке келе жатқанын көрді. Ол қатты ауырып жатқан еді.,Боб тротуарында құлап түсті. Көп ұзамай ол Карлдың көмекке келе жатқанын байқады. Ол қатты ауырып жатқан болатын.,Боб тротуарда құлап түсті. Көп ұзамай ол Карлдың көмекке келе жатқанын байқады. Ол ауыр ауырып жатқан еді.
" Сэм қойшылардың қойларымен суретін салуға тырысты, бірақ олар гольф ойыншыларына көбірек ұқсайтын болып шықты.",Қой ақырында гольф ойыншыларына көбірек ұқсайтын болып шықты.,0,47,міндеттеме емес,"мәтін1:  Сэм қойшылардың қойларымен суретін салуға тырысты, бірақ олар гольф ойыншыларына көбірек ұқсайтын болып шықты.
мәтін2: Қой ақырында гольф ойыншыларына көбірек ұқсайтын болып шықты.
жапсырма: 0","A) Сэм малшылардың малдарымен суретін салуға тырысты, бірақ олар гольф ойыншыларына көбірек ұқсайтын болып шықты.  
B) Сэм қойшылардың қозыларымен суретін салуға тырысты, бірақ олар гольф ойыншыларына көбірек ұқсайтын болып шықты.  
C) Сэм фермерлердің қойларымен суретін салуға тырысты, бірақ олар гольф ойыншыларына көбірек ұқсайтын болып шықты.  
D) Сэм қойшылардың жануарларымен суретін салуға тырысты, бірақ олар гольф ойыншыларына көбірек ұқсайтын болып шықты.  ","Сэм малшылардың малдарымен суретін салуға тырысты, бірақ олар гольф ойыншыларына көбірек ұқсайтын болып шықты.","Сэм қойшылардың қозыларымен суретін салуға тырысты, бірақ олар гольф ойыншыларына көбірек ұқсайтын болып шықты.","Сэм фермерлердің қойларымен суретін салуға тырысты, бірақ олар гольф ойыншыларына көбірек ұқсайтын болып шықты.","Сэм қойшылардың жануарларымен суретін салуға тырысты, бірақ олар гольф ойыншыларына көбірек ұқсайтын болып шықты."
" Джордж қойылымға тегін билеттер алды, бірақ оны көруге ерекше құмар болса да, оларды Эрикке берді.",Эрик оны көруге ерекше құмар болды.,0,22,міндеттеме емес,"мәтін1:  Джордж қойылымға тегін билеттер алды, бірақ оны көруге ерекше құмар болса да, оларды Эрикке берді.
мәтін2: Эрик оны көруге ерекше құмар болды.
жапсырма: 0","A) Джордж қойылымға тегін билеттер алды, бірақ оны көруге ерекше ынтық болса да, оларды Эрикке берді.  
B) Джордж қойылымға тегін билеттер алды, бірақ оны көруге ерекше қызық болса да, оларды Эрикке берді.  
C) Джордж қойылымға тегін билеттер алды, бірақ оны көруге ерекше құмарлықпен болса да, оларды Эрикке берді.  
D) Джордж қойылымға тегін билеттер алды, бірақ оны көруге ерекше жақын болса да, оларды Эрикке берді.  ","Джордж қойылымға тегін билеттер алды, бірақ оны көруге ерекше ынтық болса да, оларды Эрикке берді.","Джордж қойылымға тегін билеттер алды, бірақ оны көруге ерекше қызық болса да, оларды Эрикке берді.","Джордж қойылымға тегін билеттер алды, бірақ оны көруге ерекше құмарлықпен болса да, оларды Эрикке берді.","Джордж қойылымға тегін билеттер алды, бірақ оны көруге ерекше жақын болса да, оларды Эрикке берді."
Марк Стивтің баспалдақтан түсіп келе жатқан аяғының дыбысын естіді. Дүкеннің есігі оның артынан жабылды. Ол терезеден қарау үшін жүгірді.,Марк терезеден қарау үшін жүгіріп кетті.,1,25,тарту,"мәтін1: Марк Стивтің баспалдақтан түсіп келе жатқан аяғының дыбысын естіді. Дүкеннің есігі оның артынан жабылды. Ол терезеден қарау үшін жүгірді.
мәтін2: Марк терезеден қарау үшін жүгіріп кетті.
жапсырма: 1","A) Марк Стивтің баспалдақтан түсіп келе жатқан аяқтарының дыбысын естіді. Дүкеннің есігі оның артынан жабылып қалды. Ол терезеден қарап шығу үшін жүгірді.

B) Марк Стивтің баспалдақтан төмен түсіп келе жатқан аяғының дыбысын естіді. Дүкеннің есігі оның артынан жабылып кетті. Ол терезеден қарау үшін жүгіріп шықты.

C) Марк Стивтің баспалдақтан түсіп келе жатқан аяқтарының даусын естіді. Дүкеннің есігі оның артынан жабылды. Ол терезеден қарау үшін жүгіре шықты.

D) Марк Стивтің баспалдақтан түсіп келе жатқан аяғының үнін естіді. Дүкеннің есігі оның артынан жабыла кетті. Ол терезеден қарап шығу үшін жүгіріп кетті.",Марк Стивтің баспалдақтан түсіп келе жатқан аяқтарының дыбысын естіді. Дүкеннің есігі оның артынан жабылып қалды. Ол терезеден қарап шығу үшін жүгірді.,Марк Стивтің баспалдақтан төмен түсіп келе жатқан аяғының дыбысын естіді. Дүкеннің есігі оның артынан жабылып кетті. Ол терезеден қарау үшін жүгіріп шықты.,Марк Стивтің баспалдақтан түсіп келе жатқан аяқтарының даусын естіді. Дүкеннің есігі оның артынан жабылды. Ол терезеден қарау үшін жүгіре шықты.,Марк Стивтің баспалдақтан түсіп келе жатқан аяғының үнін естіді. Дүкеннің есігі оның артынан жабыла кетті. Ол терезеден қарап шығу үшін жүгіріп кетті.
" Фред көзін қолымен жауып алды, себебі жел құмды ұшырып тұрды. Жел тоқтаған кезде ол көзін ашты.",Жел тоқтаған кезде ол көзін ашты.,1,48,тарту,"мәтін1:  Фред көзін қолымен жауып алды, себебі жел құмды ұшырып тұрды. Жел тоқтаған кезде ол көзін ашты.
мәтін2: Жел тоқтаған кезде ол көзін ашты.
жапсырма: 1","A) Фред көзін қолымен жауып алды, себебі жел құмды ұшырып жатты. Жел тоқтаған кезде ол көзін ашты.  
B) Фред көзін қолымен жауып алды, себебі жел құмды ұшырып тұрды. Жел тоқтаған сәтте ол көзін ашты.  
C) Фред көзін қолымен жауып алды, себебі жел құмды ұшырып тұрды. Жел тоқтаған уақытында ол көзін ашты.  
D) Фред көзін қолымен жауып алды, себебі жел құмды ұшырып тұрды. Жел тоқтаған шақта ол көзін ашты.  ","Фред көзін қолымен жауып алды, себебі жел құмды ұшырып жатты. Жел тоқтаған кезде ол көзін ашты.","Фред көзін қолымен жауып алды, себебі жел құмды ұшырып тұрды. Жел тоқтаған сәтте ол көзін ашты.","Фред көзін қолымен жауып алды, себебі жел құмды ұшырып тұрды. Жел тоқтаған уақытында ол көзін ашты.","Фред көзін қолымен жауып алды, себебі жел құмды ұшырып тұрды. Жел тоқтаған шақта ол көзін ашты."
" Грант сол қыста отбасымен бірге жеткілікті тамақтанатындай етіп бұршақтарын жинау үшін көп еңбек етті. Досы Генри оған оларды кептіретін қорасына үйіп қоюға рұқсат берді. Кейінірек ол және Татьяна оларды жексенбілік кешкі асқа қабығынан тазартып, пісіретін."," Кейінірек ол және Татьяна оларды қабығын аршып, жексенбілік кешкі асқа пісіретін.",0,31,міндеттеме емес,"мәтін1:  Грант сол қыста отбасымен бірге жеткілікті тамақтанатындай етіп бұршақтарын жинау үшін көп еңбек етті. Досы Генри оған оларды кептіретін қорасына үйіп қоюға рұқсат берді. Кейінірек ол және Татьяна оларды жексенбілік кешкі асқа қабығынан тазартып, пісіретін.
мәтін2:  Кейінірек ол және Татьяна оларды қабығын аршып, жексенбілік кешкі асқа пісіретін.
жапсырма: 0","A)  Кейінірек ол және Татьяна оларды қабығын шешіп, жексенбілік кешкі асқа пісіретін.  
B)  Кейінірек ол және Татьяна оларды қабығын тазалап, жексенбілік кешкі асқа пісіретін.  
C)  Кейінірек ол және Татьяна оларды қабығын сыпырып, жексенбілік кешкі асқа пісіретін.  
D)  Кейінірек ол және Татьяна оларды қабығын жұлып, жексенбілік кешкі асқа пісіретін.  ","Кейінірек ол және Татьяна оларды қабығын шешіп, жексенбілік кешкі асқа пісіретін.","Кейінірек ол және Татьяна оларды қабығын тазалап, жексенбілік кешкі асқа пісіретін.","Кейінірек ол және Татьяна оларды қабығын сыпырып, жексенбілік кешкі асқа пісіретін.","Кейінірек ол және Татьяна оларды қабығын жұлып, жексенбілік кешкі асқа пісіретін."
" Қазанды сөреге қоя алмадым, себебі ол тым биік болды.",Қазан тым биік болды.,0,44,міндеттеме емес,"мәтін1:  Қазанды сөреге қоя алмадым, себебі ол тым биік болды.
мәтін2: Қазан тым биік болды.
жапсырма: 0","A) Қазанды сөреге орналастыра алмадым, себебі ол тым ұзын болды.  
B) Қазан тым жоғары болды.  
C) Қазанды шкафқа қоя алмадым, себебі ол тым көтеріңкі болды.  
D) Қазан тым биік болды.","Қазанды сөреге орналастыра алмадым, себебі ол тым ұзын болды.",Қазан тым жоғары болды.,"Қазанды шкафқа қоя алмадым, себебі ол тым көтеріңкі болды.",Қазан тым биік болды.
" Адвокат куәгерге сұрақ қойды, бірақ ол оны қайталаудан бас тартты.",Адвокат оны қайталаудан бас тартты.,1,16,тарту,"мәтін1:  Адвокат куәгерге сұрақ қойды, бірақ ол оны қайталаудан бас тартты.
мәтін2: Адвокат оны қайталаудан бас тартты.
жапсырма: 1","A)   
Адвокат куәгерге сауал қойды, бірақ ол оны қайталаудан бас тартты.  
 
B)  
Адвокат куәгерге сұрақ қойды, бірақ ол оны қайталаудан біраз бас тартты.  

C)  
Адвокат куәгерге сұрау қойды, бірақ ол оны қайталаудан бас тартқан еді.  

D)  
Адвокат куәгерге сұрақ қойды, бірақ ол оны қайта айтудан бас тартты.  ","Адвокат куәгерге сауал қойды, бірақ ол оны қайталаудан бас тартты.","Адвокат куәгерге сұрақ қойды, бірақ ол оны қайталаудан біраз бас тартты.","Адвокат куәгерге сұрау қойды, бірақ ол оны қайталаудан бас тартқан еді.","Адвокат куәгерге сұрақ қойды, бірақ ол оны қайта айтудан бас тартты."
" Тейлор мырза мінезі тұрақсыз адам еді, және ол Дэвидті нашар адам деп санайтын және оның өз пайдасына кез келген қадамды жасағаны оның туа біткен ақымақтығының тағы бір дәлелі деп санайтын.",Оның өз атынан берген кез келген нұсқау Дәуіттің туа біткен ақымақтығының тағы бір дәлелі ғана еді.,1,63,тарту,"мәтін1:  Тейлор мырза мінезі тұрақсыз адам еді, және ол Дэвидті нашар адам деп санайтын және оның өз пайдасына кез келген қадамды жасағаны оның туа біткен ақымақтығының тағы бір дәлелі деп санайтын.
мәтін2: Оның өз атынан берген кез келген нұсқау Дәуіттің туа біткен ақымақтығының тағы бір дәлелі ғана еді.
жапсырма: 1","A) Тейлор мырза сипаты тұрақсыз адам еді, және ол Дэвидті нашар адам деп есептейтіні және оның өз пайдасына кез келген қадамды жасағаны оның туа біткен ақымақтығының тағы бір дәлелі деп білді.  
B) Тейлор мырза табиғаты тұрақсыз адам еді, және ол Дэвидті жаман адам деп ойлайтыны және оның өз пайдасына кез келген қадамды жасағаны оның туа біткен ақымақтығының тағы бір көрсетуі деп санайтын.  
C) Тейлор мырза мінезі тұрақсыз адам еді, және ол Дэвидті келеңсіз адам деп қабылдайтыны және оның өз пайдасына кез келген қадамды жасағаны оның туа біткен ақымақтығының тағы бір дәлелі деп бағалайтын.  
D) Тейлор мырза мінез-құлқы тұрақсыз адам еді, және ол Дэвидті нашар адам деп есептейтіні және оның өз пайдасына кез келген әрекетті жасағаны оның туа біткен ақымақтығының тағы бір дәйегі деп айтатын.  ","Тейлор мырза сипаты тұрақсыз адам еді, және ол Дэвидті нашар адам деп есептейтіні және оның өз пайдасына кез келген қадамды жасағаны оның туа біткен ақымақтығының тағы бір дәлелі деп білді.","Тейлор мырза табиғаты тұрақсыз адам еді, және ол Дэвидті жаман адам деп ойлайтыны және оның өз пайдасына кез келген қадамды жасағаны оның туа біткен ақымақтығының тағы бір көрсетуі деп санайтын.","Тейлор мырза мінезі тұрақсыз адам еді, және ол Дэвидті келеңсіз адам деп қабылдайтыны және оның өз пайдасына кез келген қадамды жасағаны оның туа біткен ақымақтығының тағы бір дәлелі деп бағалайтын.","Тейлор мырза мінез-құлқы тұрақсыз адам еді, және ол Дэвидті нашар адам деп есептейтіні және оның өз пайдасына кез келген әрекетті жасағаны оның туа біткен ақымақтығының тағы бір дәйегі деп айтатын."
Қалалық кеңес мүшелері наразылық білдірушілерге зорлық-зомбылықты жақтағандықтан рұқсат беруден бас тартты.,Демонстранттар зорлық-зомбылықты насихаттады.,1,43,тарту,"мәтін1: Қалалық кеңес мүшелері наразылық білдірушілерге зорлық-зомбылықты жақтағандықтан рұқсат беруден бас тартты.
мәтін2: Демонстранттар зорлық-зомбылықты насихаттады.
жапсырма: 1","A) Қалалық кеңес мүшелері наразылық білдірушілерге күш көрсетуді жақтағандықтан рұқсат беруден бас тартты.

B) Қалалық кеңес мүшелері наразылық білдірушілерге зорлық-зомбылықты қолдағандықтан рұқсат беруден бас тартты.

C) Қалалық кеңес мүшелері наразылық білдірушілерге рақымшылықты жақтағандықтан рұқсат беруден бас тартты.

D) Қалалық кеңес мүшелері наразылық білдірушілерге жәбірлеуді жақтағандықтан рұқсат беруден бас тартты.",Қалалық кеңес мүшелері наразылық білдірушілерге күш көрсетуді жақтағандықтан рұқсат беруден бас тартты.,Қалалық кеңес мүшелері наразылық білдірушілерге зорлық-зомбылықты қолдағандықтан рұқсат беруден бас тартты.,Қалалық кеңес мүшелері наразылық білдірушілерге рақымшылықты жақтағандықтан рұқсат беруден бас тартты.,Қалалық кеңес мүшелері наразылық білдірушілерге жәбірлеуді жақтағандықтан рұқсат беруден бас тартты.
" Ит мысықты қуды, ол ағашқа жүгіріп шықты. Ол басында күтті.",Мысық жоғарғы жағында күтті.,1,68,тарту,"мәтін1:  Ит мысықты қуды, ол ағашқа жүгіріп шықты. Ол басында күтті.
мәтін2: Мысық жоғарғы жағында күтті.
жапсырма: 1","A)  
Ит мысықты қуып, ол ағашқа жүгіріп шықты. Ол басында күтіп тұрды.  

B)  
Ит мысықты қуалап, ол ағашқа жүгіріп шықты. Ол басында күтумен болды.  

C)  
Ит мысықты қуып, ол ағашқа жүгіріп кетті. Ол басында күтіп отырды.  

D)  
Ит мысықты қуатын, ол ағашқа жүгіріп шықты. Ол басында күтуді жалғастырды.  ","Ит мысықты қуып, ол ағашқа жүгіріп шықты. Ол басында күтіп тұрды.","Ит мысықты қуалап, ол ағашқа жүгіріп шықты. Ол басында күтумен болды.","Ит мысықты қуып, ол ағашқа жүгіріп кетті. Ол басында күтіп отырды.","Ит мысықты қуатын, ол ағашқа жүгіріп шықты. Ол басында күтуді жалғастырды."
" Бернард үкімет шенеунігіне үй шаруашылығына талап арыз берген кезде 21 жасқа толмағанын айтпағандықтан, ол ешқандай адал емес әрекет жасадым деп санамады. Соған қарамастан, оның 19 жаста екенін білетін кез келген адам одан талап арызын алып қоя алады.",Оның 19 жаста екенін білетін кез келген адам оның талабын кез келген адамнан тартып ала алатын.,0,9,міндеттеме емес,"мәтін1:  Бернард үкімет шенеунігіне үй шаруашылығына талап арыз берген кезде 21 жасқа толмағанын айтпағандықтан, ол ешқандай адал емес әрекет жасадым деп санамады. Соған қарамастан, оның 19 жаста екенін білетін кез келген адам одан талап арызын алып қоя алады.
мәтін2: Оның 19 жаста екенін білетін кез келген адам оның талабын кез келген адамнан тартып ала алатын.
жапсырма: 0","A) Бернард үкімет қызметкеріне үй шаруашылығына талап арыз берген кезінде 21 жасқа толмағанын айтпағандықтан, ол ешқандай адал емес әрекет істедім деп санамады. Соған қарамастан, оның 19 жаста екенін білетін кез келген адам одан талап арызын алып қоя алады.

B) Бернард үкіметтің шенеунігіне үй шаруашылығына талап арыз берген кезде 21 жасқа жетпегенін айтпағандықтан, ол ешқандай адал емес әрекет жасағаным деп санамады. Соған қарамастан, оның 19 жаста екенін білетін кез келген адам одан талап арызын тартып ала алады.

C) Бернард үкіметтің қызметкеріне үй шаруашылығына талап арыз берген уақытта 21 жасқа жетпегенін айтпағандықтан, ол ешқандай адал емес әрекет жасағанын есептемеді. Соған қарамастан, оның 19 жаста екенін білетін кез келген адам одан талап арызын алуына болады.

D) Бернард мемлекеттік шенеунікке үй шаруашылығына талап арыз берген кезде 21 жасқа толмағанын айтпағандықтан, ол ешқандай адал емес әрекет істедім деп ойлаған жоқ. Соған қарамастан, оның 19 жаста екенін білетін кез келген адам одан талап арызын алып тастай алады.","Бернард үкімет қызметкеріне үй шаруашылығына талап арыз берген кезінде 21 жасқа толмағанын айтпағандықтан, ол ешқандай адал емес әрекет істедім деп санамады. Соған қарамастан, оның 19 жаста екенін білетін кез келген адам одан талап арызын алып қоя алады.","Бернард үкіметтің шенеунігіне үй шаруашылығына талап арыз берген кезде 21 жасқа жетпегенін айтпағандықтан, ол ешқандай адал емес әрекет жасағаным деп санамады. Соған қарамастан, оның 19 жаста екенін білетін кез келген адам одан талап арызын тартып ала алады.","Бернард үкіметтің қызметкеріне үй шаруашылығына талап арыз берген уақытта 21 жасқа жетпегенін айтпағандықтан, ол ешқандай адал емес әрекет жасағанын есептемеді. Соған қарамастан, оның 19 жаста екенін білетін кез келген адам одан талап арызын алуына болады.","Бернард мемлекеттік шенеунікке үй шаруашылығына талап арыз берген кезде 21 жасқа толмағанын айтпағандықтан, ол ешқандай адал емес әрекет істедім деп ойлаған жоқ. Соған қарамастан, оның 19 жаста екенін білетін кез келген адам одан талап арызын алып тастай алады."
"Мен лимон ағаштарында лимондар өсіп тұрған бақшаның суретін салуға тырыстым, бірақ олар телефон бағаналарына көбірек ұқсап шықты.",Лимондар телефон бағаналарына көбірек ұқсап шықты.,0,36,міндеттеме емес,"мәтін1: Мен лимон ағаштарында лимондар өсіп тұрған бақшаның суретін салуға тырыстым, бірақ олар телефон бағаналарына көбірек ұқсап шықты.
мәтін2: Лимондар телефон бағаналарына көбірек ұқсап шықты.
жапсырма: 0","A)
Мен лимон ағаштарында лимондар өсіп тұрған бақтың суретін салуға тырыстым, бірақ олар телефон бағаналарына көбірек ұқсап шықты.

B)
Мен лимон ағаштарында лимондар өсіп тұрған бақшаның бейнесін салуға тырыстым, бірақ олар телефон бағаналарына көбірек ұқсап шықты.

C)
Мен лимон ағаштарында лимондар өсіп тұрған бақшаның картинесін салуға тырыстым, бірақ олар телефон бағаналарына көбірек ұқсап шықты.

D)
Мен лимон ағаштарында лимондар өсіп тұрған бақшаның видосын салуға тырыстым, бірақ олар телефон бағаналарына көбірек ұқсап шықты.","Мен лимон ағаштарында лимондар өсіп тұрған бақтың суретін салуға тырыстым, бірақ олар телефон бағаналарына көбірек ұқсап шықты.","Мен лимон ағаштарында лимондар өсіп тұрған бақшаның бейнесін салуға тырыстым, бірақ олар телефон бағаналарына көбірек ұқсап шықты.","Мен лимон ағаштарында лимондар өсіп тұрған бақшаның картинесін салуға тырыстым, бірақ олар телефон бағаналарына көбірек ұқсап шықты.","Мен лимон ағаштарында лимондар өсіп тұрған бақшаның видосын салуға тырыстым, бірақ олар телефон бағаналарына көбірек ұқсап шықты."
Әкесі ұйықтап жатқан баланы қолына көтеріп алды.,Әкесі ұйықтап жатқан баланы әкесінің құшағында көтеріп жүрді.,1,59,тарту,"мәтін1: Әкесі ұйықтап жатқан баланы қолына көтеріп алды.
мәтін2: Әкесі ұйықтап жатқан баланы әкесінің құшағында көтеріп жүрді.
жапсырма: 1","A)
Әкесі ұйықтап жатқан ұлды қолына көтеріп алды.

B)
Әкесі ұйықтап жатқан қызды қолына көтеріп алды.

C)
Әкесі ұйықтап жатқан баланы әкесімен құшағында көтеріп жүрді.

D)
Әкесі ұйықтап жатқан баланы атасының құшағында көтеріп жүрді.",Әкесі ұйықтап жатқан ұлды қолына көтеріп алды.,Әкесі ұйықтап жатқан қызды қолына көтеріп алды.,Әкесі ұйықтап жатқан баланы әкесімен құшағында көтеріп жүрді.,Әкесі ұйықтап жатқан баланы атасының құшағында көтеріп жүрді.
" Бернард үкімет шенеунігіне үй шаруашылығына талап арыз берген кезде 21 жасқа толмағанын айтпағандықтан, ол ешқандай адал емес әрекет жасадым деп санамады. Соған қарамастан, оның 19 жаста екенін білетін кез келген адам одан талап арызын алып қоя алады.",Бернард жер телімін алуға өтініш берген кезде 21 жасқа толмаған еді.,1,38,тарту,"мәтін1:  Бернард үкімет шенеунігіне үй шаруашылығына талап арыз берген кезде 21 жасқа толмағанын айтпағандықтан, ол ешқандай адал емес әрекет жасадым деп санамады. Соған қарамастан, оның 19 жаста екенін білетін кез келген адам одан талап арызын алып қоя алады.
мәтін2: Бернард жер телімін алуға өтініш берген кезде 21 жасқа толмаған еді.
жапсырма: 1","A) Бернард үкімет қызметкеріне үй шаруашылығына талап арыз берген кезде 21 жасқа толмағанын айтпағандықтан, ол ешқандай адал емес әрекет жасадым деп санамады. Соған қарамастан, оның 19 жаста екенін білетін кез келген адам одан талап арызын алып қоя алады.  
B) Бернард мемлекеттік шенеунікке үй шаруашылығына талап арыз берген кезде 21 жасқа толмағанын айтпағандықтан, ол ешқандай адал емес әрекет жасадым деп есептемеді. Соған қарамастан, оның 19 жаста екенін білетін кез келген адам одан талап арызын алып қоя алады.  
C) Бернард үкімет шенеунігіне үй шаруашылығы бойынша талап арыз берген кезде 21 жасқа толмағанын айтпағандықтан, ол ешқандай адал емес әрекет жасағаным деп санамады. Соған қарамастан, оның 19 жаста екенін білетін кез келген адам одан талап арызын алып қоя алады.  
D) Бернард мемлекеттік қызметкеріне үй шаруашылығына арыз берген кезде 21 жасқа толмағанын айтпағандықтан, ол ешқандай адал емес әрекет жасағанын деп сезбеді. Соған қарамастан, оның 19 жаста екенін білетін кез келген адам одан талап арызын алып қоя алады.  ","Бернард үкімет қызметкеріне үй шаруашылығына талап арыз берген кезде 21 жасқа толмағанын айтпағандықтан, ол ешқандай адал емес әрекет жасадым деп санамады. Соған қарамастан, оның 19 жаста екенін білетін кез келген адам одан талап арызын алып қоя алады.","Бернард мемлекеттік шенеунікке үй шаруашылығына талап арыз берген кезде 21 жасқа толмағанын айтпағандықтан, ол ешқандай адал емес әрекет жасадым деп есептемеді. Соған қарамастан, оның 19 жаста екенін білетін кез келген адам одан талап арызын алып қоя алады.","Бернард үкімет шенеунігіне үй шаруашылығы бойынша талап арыз берген кезде 21 жасқа толмағанын айтпағандықтан, ол ешқандай адал емес әрекет жасағаным деп санамады. Соған қарамастан, оның 19 жаста екенін білетін кез келген адам одан талап арызын алып қоя алады.","Бернард мемлекеттік қызметкеріне үй шаруашылығына арыз берген кезде 21 жасқа толмағанын айтпағандықтан, ол ешқандай адал емес әрекет жасағанын деп сезбеді. Соған қарамастан, оның 19 жаста екенін білетін кез келген адам одан талап арызын алып қоя алады."
Мен бөтелкедегі суды кесеге босағанша құйдым.,Бөтелке бос еді.,1,66,тарту,"мәтін1: Мен бөтелкедегі суды кесеге босағанша құйдым.
мәтін2: Бөтелке бос еді.
жапсырма: 1","A) Мен құтындағы суды кесеге босағанша құйдым.  
B) Мен бөтелкедегі суыңызды кесеге босағанша құйдым.  
C) Мен бөтелкенің ішіндегі суды кесеге босағанша құйдым.  
D) Мен бөтелкедегі сұйықтықты кесеге босағанша құйдым.  ",Мен құтындағы суды кесеге босағанша құйдым.,Мен бөтелкедегі суыңызды кесеге босағанша құйдым.,Мен бөтелкенің ішіндегі суды кесеге босағанша құйдым.,Мен бөтелкедегі сұйықтықты кесеге босағанша құйдым.
" Әкесі балалардың бет-әлпетіне қарады, ол қазір таң қалып, қайғырып тұрды. Өзінің қалтасы көтермейтіндіктен, оларға соншама нәрседен бас тартуға тура келгені өкінішті еді.",Балаларға ақшасы жетпеді.,0,61,міндеттеме емес,"мәтін1:  Әкесі балалардың бет-әлпетіне қарады, ол қазір таң қалып, қайғырып тұрды. Өзінің қалтасы көтермейтіндіктен, оларға соншама нәрседен бас тартуға тура келгені өкінішті еді.
мәтін2: Балаларға ақшасы жетпеді.
жапсырма: 0","A) Әкесі балалардың бет-жүзіне қарады, ол қазір таңырқап, қайғырып тұрды. Өзінің қалтасы көтермейтіндіктен, оларға соншama нәрселерден бас тартуға тура келгені өкінішті еді. 

B) Әкесі балалардың жүзіне қарады, ол қазір таңырқау үшін қайғырып тұрды. Өзінің қалтасы көтермейтіндіктен, оларға соншалықты заттардан бас тартуға тура келгені өкінішті еді.

C) Әкесі балалардың келбетіне қарады, ол қазір шошып, қайғырып тұрды. Өзінің қалтасы көтермейтіндіктен, оларға сонша заттардан бас тартуға тура келгені өкінішті еді.

D) Әкесі балалардың бетінен қарады, ол қазір таңғалып, қайғырып тұрды. Өзінің қалтасы көтермейтіндіктен, оларға сонша нәрселерден бас тартуға тура келгені өкінішті еді.","Әкесі балалардың бет-жүзіне қарады, ол қазір таңырқап, қайғырып тұрды. Өзінің қалтасы көтермейтіндіктен, оларға соншama нәрселерден бас тартуға тура келгені өкінішті еді.","Әкесі балалардың жүзіне қарады, ол қазір таңырқау үшін қайғырып тұрды. Өзінің қалтасы көтермейтіндіктен, оларға соншалықты заттардан бас тартуға тура келгені өкінішті еді.","Әкесі балалардың келбетіне қарады, ол қазір шошып, қайғырып тұрды. Өзінің қалтасы көтермейтіндіктен, оларға сонша заттардан бас тартуға тура келгені өкінішті еді.","Әкесі балалардың бетінен қарады, ол қазір таңғалып, қайғырып тұрды. Өзінің қалтасы көтермейтіндіктен, оларға сонша нәрселерден бас тартуға тура келгені өкінішті еді."
" Олар шамамен бірдей жылдамдықпен жүгіргенімен, Сью Саллиді жеңді, себебі ол өте жақсы бастады.",Саллидің бастамасы өте жақсы болды.,0,26,міндеттеме емес,"мәтін1:  Олар шамамен бірдей жылдамдықпен жүгіргенімен, Сью Саллиді жеңді, себебі ол өте жақсы бастады.
мәтін2: Саллидің бастамасы өте жақсы болды.
жапсырма: 0","A) Олар шамамен бірдей жылдамдықпен жүгіргенімен, Сью Салиді жеңді, себебі ол өте жақсы бастама жасады.  
B) Олар шамамен бірдей жылдамдықпен жүгіргенімен, Сью Салриді жеңді, себебі ол өте жақсы бастауды жүзеге асырды.  
C) Олар шамамен бірдей жылдамдықпен жүгіргенімен, Сью Салиді жеңіп шықты, себебі ол өте жақсы бастауды қолға алды.  
D) Олар шамамен бірдей жылдамдықпен жүгіргенімен, Сью Салиді бағындырды, себебі ол өте тамаша бастау алды.  ","Олар шамамен бірдей жылдамдықпен жүгіргенімен, Сью Салиді жеңді, себебі ол өте жақсы бастама жасады.","Олар шамамен бірдей жылдамдықпен жүгіргенімен, Сью Салриді жеңді, себебі ол өте жақсы бастауды жүзеге асырды.","Олар шамамен бірдей жылдамдықпен жүгіргенімен, Сью Салиді жеңіп шықты, себебі ол өте жақсы бастауды қолға алды.","Олар шамамен бірдей жылдамдықпен жүгіргенімен, Сью Салиді бағындырды, себебі ол өте тамаша бастау алды."
"Фред ыдыс жуғыш машинаны басқаруы керек еді, бірақ теледидар көргісі келгендіктен, оны кейінге қалдырды. Бірақ бағдарлама жалықтыратын болып шықты, сондықтан ол ойын өзгертіп, оны өшірді."," Ол ойын өзгертіп, ыдыс жуғыш машинаны өшірді.",0,52,міндеттеме емес,"мәтін1: Фред ыдыс жуғыш машинаны басқаруы керек еді, бірақ теледидар көргісі келгендіктен, оны кейінге қалдырды. Бірақ бағдарлама жалықтыратын болып шықты, сондықтан ол ойын өзгертіп, оны өшірді.
мәтін2:  Ол ойын өзгертіп, ыдыс жуғыш машинаны өшірді.
жапсырма: 0","A) Фред ыдыс жуғыш құрылғыны басқаруы керек еді, бірақ теледидар көргісі келгендіктен, оны кейінге қалдырды. Бірақ бағдарлама жалықтыратын болып шықты, сондықтан ол ойын өзгертіп, оны өшірді.

B) Фред ыдыс жуғыш аппаратты басқаруы керек еді, бірақ теледидар көргісі келгендіктен, оны кейінге қалдырды. Бірақ бағдарлама жалықтыратын болып шықты, сондықтан ол ойын өзгертіп, оны өшірді.

C) Фред ыдыс жуғыш машинаны басқаруы керек еді, бірақ теледидар көруді қаласа, оны кейінге қалдырды. Бірақ бағдарлама жалықтыратын болып шықты, сондықтан ол ойын өзгертіп, оны өшірді.

D) Фред ыдыс жуғыш машинаны басқаруы тиіс еді, бірақ теледидар көргісі келгендіктен, оны кейінге қалдырды. Бірақ бағдарлама жалықтыратын болып шықты, сондықтан ол ойын өзгертіп, оны өшірді.","Фред ыдыс жуғыш құрылғыны басқаруы керек еді, бірақ теледидар көргісі келгендіктен, оны кейінге қалдырды. Бірақ бағдарлама жалықтыратын болып шықты, сондықтан ол ойын өзгертіп, оны өшірді.","Фред ыдыс жуғыш аппаратты басқаруы керек еді, бірақ теледидар көргісі келгендіктен, оны кейінге қалдырды. Бірақ бағдарлама жалықтыратын болып шықты, сондықтан ол ойын өзгертіп, оны өшірді.","Фред ыдыс жуғыш машинаны басқаруы керек еді, бірақ теледидар көруді қаласа, оны кейінге қалдырды. Бірақ бағдарлама жалықтыратын болып шықты, сондықтан ол ойын өзгертіп, оны өшірді.","Фред ыдыс жуғыш машинаны басқаруы тиіс еді, бірақ теледидар көргісі келгендіктен, оны кейінге қалдырды. Бірақ бағдарлама жалықтыратын болып шықты, сондықтан ол ойын өзгертіп, оны өшірді."
" Олар хабарландыру таратты, бірақ станцияға метро келді, мен оны ести алмадым.",Мен метроның дыбысын ести алмадым.,1,30,тарту,"мәтін1:  Олар хабарландыру таратты, бірақ станцияға метро келді, мен оны ести алмадым.
мәтін2: Мен метроның дыбысын ести алмадым.
жапсырма: 1","A)  
Олар хабарламаны таратты, бірақ станцияға метро келді, мен оны ести алмадым.

B)  
Олар жариялауды таратты, бірақ станцияға метро келді, мен оны ести алмадым.

C)  
Олар ескертуді таратты, бірақ станцияға метро келді, мен оны ести алмадым.

D)  
Олар хабарландыруды таратты, бірақ станцияға метро келді, мен оны ести алмадым.","Олар хабарламаны таратты, бірақ станцияға метро келді, мен оны ести алмадым.","Олар жариялауды таратты, бірақ станцияға метро келді, мен оны ести алмадым.","Олар ескертуді таратты, бірақ станцияға метро келді, мен оны ести алмадым.","Олар хабарландыруды таратты, бірақ станцияға метро келді, мен оны ести алмадым."
" Дауыл кезінде ағаш құлап, үйімнің шатырын кесіп өтті. Енді оны жөндеуім керек.",Енді шатырды жөндеуім керек.,1,65,тарту,"мәтін1:  Дауыл кезінде ағаш құлап, үйімнің шатырын кесіп өтті. Енді оны жөндеуім керек.
мәтін2: Енді шатырды жөндеуім керек.
жапсырма: 1","A)
Дауыл кезінде ағаш құлап, үйімнің шатырына кесіп өтті. Енді оны қалпына келтіруім керек.

B)
Дауыл кезінде ағаш құлап, үйімнің шатырын шабуылды. Енді оны жаңартып алғым келеді.

C)
Дауыл кезінде ағаш құлап, үйімнің шатырын жыртты. Енді оны жөндеуді бастауым керек.

D)
Дауыл кезінде ағаш құлап, үйімнің шатырын теспен өтті. Енді оны жөндеуім қажет.","Дауыл кезінде ағаш құлап, үйімнің шатырына кесіп өтті. Енді оны қалпына келтіруім керек.","Дауыл кезінде ағаш құлап, үйімнің шатырын шабуылды. Енді оны жаңартып алғым келеді.","Дауыл кезінде ағаш құлап, үйімнің шатырын жыртты. Енді оны жөндеуді бастауым керек.","Дауыл кезінде ағаш құлап, үйімнің шатырын теспен өтті. Енді оны жөндеуім қажет."
" Джейн Сюзанның есігін қақты, бірақ ол жауап бермеді.",Сьюзан жауап бермеді.,1,1,тарту,"мәтін1:  Джейн Сюзанның есігін қақты, бірақ ол жауап бермеді.
мәтін2: Сьюзан жауап бермеді.
жапсырма: 1","A)  
Джейн Сюзанның есігін ұрып өтті, бірақ ол жауап бермеді.  

B)  
Джейн Сюзанның есігін қағып көрді, бірақ ол жауап бермеді.  

C)  
Джейн Сюзанның есігін соқты, бірақ ол жауап бермеді.  

D)  
Джейн Сюзанның есігін қақты, бірақ ол жауап қайтармады.  ","Джейн Сюзанның есігін ұрып өтті, бірақ ол жауап бермеді.","Джейн Сюзанның есігін қағып көрді, бірақ ол жауап бермеді.","Джейн Сюзанның есігін соқты, бірақ ол жауап бермеді.","Джейн Сюзанның есігін қақты, бірақ ол жауап қайтармады."
" Монкрифф мырза Честердің Нью-Йорктегі сәнді пәтеріне барып, оны ұлы Эдвардқа тиесілі деп ойлады. Нәтижесінде Монкрифф мырза Эдвардтың қаржылық қолдауына мұқтаж емес деген негізде оның жәрдемақысын алып тастау туралы шешім қабылдады.",Оған енді Честердің қаржылық қолдауы қажет емес.,0,19,міндеттеме емес,"мәтін1:  Монкрифф мырза Честердің Нью-Йорктегі сәнді пәтеріне барып, оны ұлы Эдвардқа тиесілі деп ойлады. Нәтижесінде Монкрифф мырза Эдвардтың қаржылық қолдауына мұқтаж емес деген негізде оның жәрдемақысын алып тастау туралы шешім қабылдады.
мәтін2: Оған енді Честердің қаржылық қолдауы қажет емес.
жапсырма: 0","A)  Монкрифф мырза Честердің Нью-Йорктегі сәнді пәтеріне барып, оны ұлы Эдвардқа тиесілі деп санады. Нәтижесінде Монкрифф мырза Эдвардтың қаржылық қолдауына мұқтаж емес деген негізде оның жәрдемақысын жою туралы шешім қабылдады.

B)  Монкрифф мырза Честердің Нью-Йорктегі сәнді пәтеріне барып, оны ұлы Эдвардқа тиесілі деп біле берді. Нәтижесінде Монкрифф мырза Эдвардтың қаржылық қолдауына мұқтаж емес деген себеппен оның жәрдемақысын алып тастау туралы шешім қабылдады.

C)  Монкрифф мырза Честердің Нью-Йорктегі сәнді пәтеріне барып, оны ұлы Эдвардқа тиесілі деп сезінді. Нәтижесінде Монкрифф мырза Эдвардтың қаржылық қолдауына мұқтаж емес деген тұжырыммен оның жәрдемақысын жою туралы шешім қабылдады.

D)  Монкрифф мырза Честердің Нью-Йорктегі сәнді пәтеріне барып, оны ұлы Эдвардқа тиесілі деп есептеді. Нәтижесінде Монкрифф мырза Эдвардтың қаржылық қолдауына мұқтаж емес деген негізде оның жәрдемақысын тоқтату туралы шешім қабылдады.","Монкрифф мырза Честердің Нью-Йорктегі сәнді пәтеріне барып, оны ұлы Эдвардқа тиесілі деп санады. Нәтижесінде Монкрифф мырза Эдвардтың қаржылық қолдауына мұқтаж емес деген негізде оның жәрдемақысын жою туралы шешім қабылдады.","Монкрифф мырза Честердің Нью-Йорктегі сәнді пәтеріне барып, оны ұлы Эдвардқа тиесілі деп біле берді. Нәтижесінде Монкрифф мырза Эдвардтың қаржылық қолдауына мұқтаж емес деген себеппен оның жәрдемақысын алып тастау туралы шешім қабылдады.","Монкрифф мырза Честердің Нью-Йорктегі сәнді пәтеріне барып, оны ұлы Эдвардқа тиесілі деп сезінді. Нәтижесінде Монкрифф мырза Эдвардтың қаржылық қолдауына мұқтаж емес деген тұжырыммен оның жәрдемақысын жою туралы шешім қабылдады.","Монкрифф мырза Честердің Нью-Йорктегі сәнді пәтеріне барып, оны ұлы Эдвардқа тиесілі деп есептеді. Нәтижесінде Монкрифф мырза Эдвардтың қаржылық қолдауына мұқтаж емес деген негізде оның жәрдемақысын тоқтату туралы шешім қабылдады."
Фред - менің үлкен атамды есінде сақтаған жалғыз тірі адам. Ол керемет адам.,Фред - ерекше адам.,1,27,тарту,"мәтін1: Фред - менің үлкен атамды есінде сақтаған жалғыз тірі адам. Ол керемет адам.
мәтін2: Фред - ерекше адам.
жапсырма: 1","A)  
Фред - менің үлкен атамды есте сақтаған жалғыз тірі тұлға. Ол ғажайып адам.  

B)  
Фред - менің үлкен атамды еске алған жалғыз тірі жан. Ол тамаша адам.  

C)  
Фред - менің үлкен атамды ойлаған жалғыз тірі адам. Ол сүйкімді адам.  

D)  
Фред - менің үлкен атамды есінде ұстаған жалғыз тірі адам. Ол әсерлі адам.  ",Фред - менің үлкен атамды есте сақтаған жалғыз тірі тұлға. Ол ғажайып адам.,Фред - менің үлкен атамды еске алған жалғыз тірі жан. Ол тамаша адам.,Фред - менің үлкен атамды ойлаған жалғыз тірі адам. Ол сүйкімді адам.,Фред - менің үлкен атамды есінде ұстаған жалғыз тірі адам. Ол әсерлі адам.
" Джордж қойылымға тегін билеттер алды, бірақ оларды Эрикке берді, себебі ол оны көруге ерекше құштар болды.",Эрик оны көруге ерекше құмар болды.,1,29,тарту,"мәтін1:  Джордж қойылымға тегін билеттер алды, бірақ оларды Эрикке берді, себебі ол оны көруге ерекше құштар болды.
мәтін2: Эрик оны көруге ерекше құмар болды.
жапсырма: 1","A) Джордж қойылымға тегін билеттер алды, бірақ оларды Эриктің берді, себебі ол оны көруге ерекше ынтық болды.  
B) Джордж қойылымға ақысыз билеттер алды, бірақ оларды Эрикке тапсырды, себебі ол оны көруге ерекше ықылас болды.  
C) Джордж қойылымға тегін билеттер алды, бірақ оларды Эриктің табыстады, себебі ол оны көруге ерекше қызығушылық болды.  
D) Джордж қойылымға белгілеп билеттер алды, бірақ оларды Эрикке беріп жіберді, себебі ол оны көруге ерекше құмарланды.","Джордж қойылымға тегін билеттер алды, бірақ оларды Эриктің берді, себебі ол оны көруге ерекше ынтық болды.","Джордж қойылымға ақысыз билеттер алды, бірақ оларды Эрикке тапсырды, себебі ол оны көруге ерекше ықылас болды.","Джордж қойылымға тегін билеттер алды, бірақ оларды Эриктің табыстады, себебі ол оны көруге ерекше қызығушылық болды.","Джордж қойылымға белгілеп билеттер алды, бірақ оларды Эрикке беріп жіберді, себебі ол оны көруге ерекше құмарланды."
" Заң жобасының демеушілері қалалық әкімдікке келгенде, бөлменің қарсыластарға толы екенін көріп таң қалды. Олар басым көпшілік болды.",Демеушілер басым көпшілік болды.,0,10,міндеттеме емес,"мәтін1:  Заң жобасының демеушілері қалалық әкімдікке келгенде, бөлменің қарсыластарға толы екенін көріп таң қалды. Олар басым көпшілік болды.
мәтін2: Демеушілер басым көпшілік болды.
жапсырма: 0","A) Заң жобасының демеушілері қалалық әкімдікке келгенде, бөлменің қарсыластарға толы екенін көріп таңырқады. Олар басым көпшілік болды.

B) Заң жобасының демеушілері қалалық әкімдікке келгенде, бөлменің қарсыластарға толық екенін көріп таң қалды. Олар басым қарсылық болды.

C) Заң жобасының демеушілері қалалық әкімдікке келгенде, бөлменің қарсыластарға жабық екенін көріп таңданды. Олар үстем көпшілік болды.

D) Заң жобасының демеушілері қалалық әкімдікке келгенде, бөлменің қарсыластарға қамтылған екенін көріп таңтланды. Олар жоғары көпшілік болды.","Заң жобасының демеушілері қалалық әкімдікке келгенде, бөлменің қарсыластарға толы екенін көріп таңырқады. Олар басым көпшілік болды.","Заң жобасының демеушілері қалалық әкімдікке келгенде, бөлменің қарсыластарға толық екенін көріп таң қалды. Олар басым қарсылық болды.","Заң жобасының демеушілері қалалық әкімдікке келгенде, бөлменің қарсыластарға жабық екенін көріп таңданды. Олар үстем көпшілік болды.","Заң жобасының демеушілері қалалық әкімдікке келгенде, бөлменің қарсыластарға қамтылған екенін көріп таңтланды. Олар жоғары көпшілік болды."
" Фред пен Элистің жүннен жасалған пальтолары өте жылы болды, бірақ олар Аляскадағы суыққа жеткіліксіз болды.",Аляскадағы суыққа пальтолар жеткіліксіз болды.,1,58,тарту,"мәтін1:  Фред пен Элистің жүннен жасалған пальтолары өте жылы болды, бірақ олар Аляскадағы суыққа жеткіліксіз болды.
мәтін2: Аляскадағы суыққа пальтолар жеткіліксіз болды.
жапсырма: 1","A) Фред пен Элистің жүннен жасалған курткалары өте жылы болды, бірақ олар Аляскадағы суыққа жеткілікті емес болды.

B) Фред пен Элистің жүннен дайындалған пальтолары өте жылы болды, бірақ олар Аляскадағы суыққа жеткіліксіз болып шықты.

C) Фред пен Элистің жүннен құралған пальтолары өте жылы болды, бірақ олар Аляскадағы суыққа жетпеді.

D) Фред пен Элистің жүннен тұратын пальтолары өте жылы болды, бірақ олар Аляскадағы суыққа жеткіліксіздік танытты.","Фред пен Элистің жүннен жасалған курткалары өте жылы болды, бірақ олар Аляскадағы суыққа жеткілікті емес болды.","Фред пен Элистің жүннен дайындалған пальтолары өте жылы болды, бірақ олар Аляскадағы суыққа жеткіліксіз болып шықты.","Фред пен Элистің жүннен құралған пальтолары өте жылы болды, бірақ олар Аляскадағы суыққа жетпеді.","Фред пен Элистің жүннен тұратын пальтолары өте жылы болды, бірақ олар Аляскадағы суыққа жеткіліксіздік танытты."
" Эмма ашық тұрса да, допты Джейниге пас бермеді.",Ол Эмманың ашық тұрғанын көрді.,0,41,міндеттеме емес,"мәтін1:  Эмма ашық тұрса да, допты Джейниге пас бермеді.
мәтін2: Ол Эмманың ашық тұрғанын көрді.
жапсырма: 0","A)
Эмма жарық тұрса да, допты Джейниге пас бермеді.

B)
Эмма ашық тұрғанымен, допты Джейниге пас бермеді.

C)
Эмма ашық болса да, допты Джейниге бермеді.

D)
Эмма ашық түрдегі болса да, допты Джейниге пас бермеді.","Эмма жарық тұрса да, допты Джейниге пас бермеді.","Эмма ашық тұрғанымен, допты Джейниге пас бермеді.","Эмма ашық болса да, допты Джейниге бермеді.","Эмма ашық түрдегі болса да, допты Джейниге пас бермеді."
" Татьяна жоғарғы төсегінде аударылып жатып, оның шетінен қарап, анасын анық көре алды. Ол төмендегі кереуетте қандай кішкентай, түзу және қатып қалған! Көздері жұмулы еді, бірақ Татьяна ұйықтап қалды ма деп күмәнданды."," Анасы төмендегі кереуетте қандай кішкентай, тік және қатал жатыр!",1,51,тарту,"мәтін1:  Татьяна жоғарғы төсегінде аударылып жатып, оның шетінен қарап, анасын анық көре алды. Ол төмендегі кереуетте қандай кішкентай, түзу және қатып қалған! Көздері жұмулы еді, бірақ Татьяна ұйықтап қалды ма деп күмәнданды.
мәтін2:  Анасы төмендегі кереуетте қандай кішкентай, тік және қатал жатыр!
жапсырма: 1","A) Татьяна жоғарғы төсегінде аунап жатып, оның шетінен қарап, анасын анық көре алды. Ол төмендегі кереуетте қандай кішкентай, тікелей және қатып қалған! Көздері жұмулы еді, бірақ Татьяна ұйықтап жатқан ба деп күмәнданды.  
B) Татьяна жоғарғы төсегінде аударылып жатып, оның шетінен қарап, анасын анық көре алды. Ол төмендегі кереуетте қандай кішігірім, тік және қатал жатыр! Көздері жұмылып тұрды, бірақ Татьяна ұйықтап кеткен бе деп күмәнданды.  
C) Татьяна жоғарғы төсегінде аунақтап жатып, оның шетінен қарап, анасын анық көре алды. Ол төмендегі кереуетте қандай кішкентай, түзу және қатал жатқан! Көздері жұмық еді, бірақ Татьяна ұйықтап қалған шығар деп күмәнданды.  
D) Татьяна жоғарғы төсегінде бұрылып жатып, оның шетінен қарап, анасын анық көре алды. Ол төмендегі кереуетте қандай кішкентай, тік және қатты жатыр! Көздері жабық еді, бірақ Татьяна ұйықтап қалғаны туралы күмәнданды.  ","Татьяна жоғарғы төсегінде аунап жатып, оның шетінен қарап, анасын анық көре алды. Ол төмендегі кереуетте қандай кішкентай, тікелей және қатып қалған! Көздері жұмулы еді, бірақ Татьяна ұйықтап жатқан ба деп күмәнданды.","Татьяна жоғарғы төсегінде аударылып жатып, оның шетінен қарап, анасын анық көре алды. Ол төмендегі кереуетте қандай кішігірім, тік және қатал жатыр! Көздері жұмылып тұрды, бірақ Татьяна ұйықтап кеткен бе деп күмәнданды.","Татьяна жоғарғы төсегінде аунақтап жатып, оның шетінен қарап, анасын анық көре алды. Ол төмендегі кереуетте қандай кішкентай, түзу және қатал жатқан! Көздері жұмық еді, бірақ Татьяна ұйықтап қалған шығар деп күмәнданды.","Татьяна жоғарғы төсегінде бұрылып жатып, оның шетінен қарап, анасын анық көре алды. Ол төмендегі кереуетте қандай кішкентай, тік және қатты жатыр! Көздері жабық еді, бірақ Татьяна ұйықтап қалғаны туралы күмәнданды."
"Томми балмұздағын тастағанда, Тимми күліп жіберді, сондықтан әкесі оған қатал қарады.",Әкесі Тиммиге қатал көзқараспен қарады.,1,6,тарту,"мәтін1: Томми балмұздағын тастағанда, Тимми күліп жіберді, сондықтан әкесі оған қатал қарады.
мәтін2: Әкесі Тиммиге қатал көзқараспен қарады.
жапсырма: 1","A) Томми балмұздақты тастағанда, Тимми күліп кетті, сондықтан әкесі оған қатты қарады.  
B) Томми балмұздықты тастағанда, Тимми күліп қалды, сондықтан әкесі оған қатал қарады.  
C) Томми балмұздақты тастап кеткенде, Тимми күліп жіберді, сондықтан әкесі оған қатты қарады.  
D) Томми балмұздақты тастағанда, Тимми күліп кетті, сол себепті әкесі оған қатал қарады.  ","Томми балмұздақты тастағанда, Тимми күліп кетті, сондықтан әкесі оған қатты қарады.","Томми балмұздықты тастағанда, Тимми күліп қалды, сондықтан әкесі оған қатал қарады.","Томми балмұздақты тастап кеткенде, Тимми күліп жіберді, сондықтан әкесі оған қатты қарады.","Томми балмұздақты тастағанда, Тимми күліп кетті, сол себепті әкесі оған қатал қарады."
" Жаздың түстен кейінгі мезгілі еді, ит көгалдың ортасында отырды. Біраз уақыттан кейін ол тұрып, ағаштың астындағы бір жерге барды, себебі ыстық еді.",Ағаштың астындағы жер ыстық еді.,0,69,міндеттеме емес,"мәтін1:  Жаздың түстен кейінгі мезгілі еді, ит көгалдың ортасында отырды. Біраз уақыттан кейін ол тұрып, ағаштың астындағы бір жерге барды, себебі ыстық еді.
мәтін2: Ағаштың астындағы жер ыстық еді.
жапсырма: 0","A) Жаздың түстен кейінгі кезеңі еді, ит көгалдың ортасында отырды. Біраз уақыттан кейін ол тұрып, ағаштың астындағы бір орынға барды, себебі ыстық еді.  
B) Жаздың түстен кейінгі уақыты еді, ит көгалдың ортасында отырды. Біраз уақыттан кейін ол тұрып, ағаштың астындағы бір аймаққа барды, себебі ыстық еді.  
C) Жаздың түстен кейінгі кезеңі еді, ит көгалдың ортасында отырды. Біраз уақыттан кейін ол тұрып, ағаштың астындағы бір жерге барды, себебі қызу еді.  
D) Жаздың түстен кейінгі мезгілі еді, ит көгалдың ортасында отырды. Біраз уақыттан кейін ол тұрып, ағаштың астындағы бір орынға барды, себебі ыстық болатын.  ","Жаздың түстен кейінгі кезеңі еді, ит көгалдың ортасында отырды. Біраз уақыттан кейін ол тұрып, ағаштың астындағы бір орынға барды, себебі ыстық еді.","Жаздың түстен кейінгі уақыты еді, ит көгалдың ортасында отырды. Біраз уақыттан кейін ол тұрып, ағаштың астындағы бір аймаққа барды, себебі ыстық еді.","Жаздың түстен кейінгі кезеңі еді, ит көгалдың ортасында отырды. Біраз уақыттан кейін ол тұрып, ағаштың астындағы бір жерге барды, себебі қызу еді.","Жаздың түстен кейінгі мезгілі еді, ит көгалдың ортасында отырды. Біраз уақыттан кейін ол тұрып, ағаштың астындағы бір орынға барды, себебі ыстық болатын."
" Мысық тышқан інінің жанында тышқанды күтіп жатты, бірақ ол тым сақ болды.",Тышқан тым сақ болды.,1,46,тарту,"мәтін1:  Мысық тышқан інінің жанында тышқанды күтіп жатты, бірақ ол тым сақ болды.
мәтін2: Тышқан тым сақ болды.
жапсырма: 1","A) 
Мысық тышқан інінің қасында тышқанды күтіп отырды, бірақ ол тым абай болды.

B) 
Мысық тышқан інінің жанына тышқанды күтуде тұрды, бірақ ол тым сақтықты болды.

C) 
Мысық тышқан інінің маңында тышқанды күтіп болды, бірақ ол тым ұқыпты болды.

D) 
Мысық тышқан інінің жанында тышқанды күтуде қалып отырды, бірақ ол тым сезімтал болды.","Мысық тышқан інінің қасында тышқанды күтіп отырды, бірақ ол тым абай болды.","Мысық тышқан інінің жанына тышқанды күтуде тұрды, бірақ ол тым сақтықты болды.","Мысық тышқан інінің маңында тышқанды күтіп болды, бірақ ол тым ұқыпты болды.","Мысық тышқан інінің жанында тышқанды күтуде қалып отырды, бірақ ол тым сезімтал болды."
Мадонна жігітімен ұйықтағаны үшін жаттықтырушысын жұмыстан шығарды.,Мадонна жігітімен ұйықтады.,0,14,міндеттеме емес,"мәтін1: Мадонна жігітімен ұйықтағаны үшін жаттықтырушысын жұмыстан шығарды.
мәтін2: Мадонна жігітімен ұйықтады.
жапсырма: 0","A) Мадонна ерімен ұйықтағаны үшін жаттықтырушыны жұмыстан шығарды.  
B) Мадонна серігімен ұйықтағаны үшін жаттықтырушыны жұмыстан шығарды.  
C) Мадонна жігітімен ұйықтағаны үшін жаттықтырушыны қызметтен шығарды.  
D) Мадонна жігітімен ұйықтағаны үшін жаттықтырушысы жұмыстан кетті.",Мадонна ерімен ұйықтағаны үшін жаттықтырушыны жұмыстан шығарды.,Мадонна серігімен ұйықтағаны үшін жаттықтырушыны жұмыстан шығарды.,Мадонна жігітімен ұйықтағаны үшін жаттықтырушыны қызметтен шығарды.,Мадонна жігітімен ұйықтағаны үшін жаттықтырушысы жұмыстан кетті.
" Сьюзан Энннің ұлының көлік апатына ұшырағанын білгендіктен, оған бұл туралы айтты.",Энн оған бұл туралы айтып берді.,0,5,міндеттеме емес,"мәтін1:  Сьюзан Энннің ұлының көлік апатына ұшырағанын білгендіктен, оған бұл туралы айтты.
мәтін2: Энн оған бұл туралы айтып берді.
жапсырма: 0","A) Сьюзан Энннің баласының көлік апатына тап болғанын білгендіктен, оған бұл жайында айтты.  
B) Сьюзан Энннің ұлының автокөлік апатына ұшырағанын естігендіктен, оған бұл туралы жеткізді.  
C) Сьюзан Энннің перзентінің машина апатына кезіккенін білгендіктен, оған бұл жайында хабарлады.  
D) Сьюзан Энннің ұлынан көлік апатына жалғанғанын білгендіктен, оған бұл туралы хабарлады.  ","Сьюзан Энннің баласының көлік апатына тап болғанын білгендіктен, оған бұл жайында айтты.","Сьюзан Энннің ұлының автокөлік апатына ұшырағанын естігендіктен, оған бұл туралы жеткізді.","Сьюзан Энннің перзентінің машина апатына кезіккенін білгендіктен, оған бұл жайында хабарлады.","Сьюзан Энннің ұлынан көлік апатына жалғанғанын білгендіктен, оған бұл туралы хабарлады."
" Мысық тышқан інінің жанында тышқанды күтіп жатты, бірақ ол тым сақ болды.",Мысық тым сақ болды.,0,50,міндеттеме емес,"мәтін1:  Мысық тышқан інінің жанында тышқанды күтіп жатты, бірақ ол тым сақ болды.
мәтін2: Мысық тым сақ болды.
жапсырма: 0","A) Мысық тышқан інінің жанында тышқанды күтуде отырды, бірақ ол тым абай болды.  
B) Мысық тышқан інінің жанында тышқанды күтіп тұрды, бірақ ол тым мұқият болды.  
C) Мысық тышқан інінің жанында тышқанды күтумен айналысты, бірақ ол тым сақ бола отырып.  
D) Мысық тышқан інінің жанында тышқанды күтуде болды, бірақ ол тым қатал болды.  ","Мысық тышқан інінің жанында тышқанды күтуде отырды, бірақ ол тым абай болды.","Мысық тышқан інінің жанында тышқанды күтіп тұрды, бірақ ол тым мұқият болды.","Мысық тышқан інінің жанында тышқанды күтумен айналысты, бірақ ол тым сақ бола отырып.","Мысық тышқан інінің жанында тышқанды күтуде болды, бірақ ол тым қатал болды."
" Үлкен оқушылар кішілерін қорқытып жатты, сондықтан біз оларды құтқардық.",Біз үлкен оқушыларды құтқардық.,0,34,міндеттеме емес,"мәтін1:  Үлкен оқушылар кішілерін қорқытып жатты, сондықтан біз оларды құтқардық.
мәтін2: Біз үлкен оқушыларды құтқардық.
жапсырма: 0","A)  
Үлкен шәкірттер кішілерін қорқытып жатты, сондықтан біз оларды қорғадық.  

B)  
Үлкен оқушылар кішілерін үркітіп жатты, сондықтан біз оларды сақтап қалдық.  

C)  
Үлкен балалар кішілерін қорқытып жатты, сондықтан біз оларды қорғап алдық.  

D)  
Үлкен оқушылар кішкентайларын қорқытып жатты, сондықтан біз оларды құтқарып қалдық.  ","Үлкен шәкірттер кішілерін қорқытып жатты, сондықтан біз оларды қорғадық.","Үлкен оқушылар кішілерін үркітіп жатты, сондықтан біз оларды сақтап қалдық.","Үлкен балалар кішілерін қорқытып жатты, сондықтан біз оларды қорғап алдық.","Үлкен оқушылар кішкентайларын қорқытып жатты, сондықтан біз оларды құтқарып қалдық."
Мадонна жігітімен ұйықтағаны үшін жаттықтырушысын жұмыстан шығарды.,Ол жаттықтырушының жігітімен ұйықтады.,0,60,міндеттеме емес,"мәтін1: Мадонна жігітімен ұйықтағаны үшін жаттықтырушысын жұмыстан шығарды.
мәтін2: Ол жаттықтырушының жігітімен ұйықтады.
жапсырма: 0","A)
Мадонна серіктесімен ұйықтағаны үшін жаттықтырушысын жұмыстан шығарды.

B)
Мадонна жігітімен ұйықтағаны үшін жаттықтырушыны жұмыстан шығарды.

C)
Мадонна жігітімен жатынға барғаны үшін жаттықтырушысын жұмыстан шығарды.

D)
Мадонна жігітімен бірге ұйықтағаны үшін жаттықтырушыны жұмыстан шығарды.",Мадонна серіктесімен ұйықтағаны үшін жаттықтырушысын жұмыстан шығарды.,Мадонна жігітімен ұйықтағаны үшін жаттықтырушыны жұмыстан шығарды.,Мадонна жігітімен жатынға барғаны үшін жаттықтырушысын жұмыстан шығарды.,Мадонна жігітімен бірге ұйықтағаны үшін жаттықтырушыны жұмыстан шығарды.
" Әкесі балалардың бет-әлпетіне қарады, ол қазір таң қалып, қайғырып тұрды. Өзінің қалтасы көтермейтіндіктен, оларға соншама нәрседен бас тартуға тура келгені өкінішті еді.",Ол заттарды сатып ала алмады.,1,54,тарту,"мәтін1:  Әкесі балалардың бет-әлпетіне қарады, ол қазір таң қалып, қайғырып тұрды. Өзінің қалтасы көтермейтіндіктен, оларға соншама нәрседен бас тартуға тура келгені өкінішті еді.
мәтін2: Ол заттарды сатып ала алмады.
жапсырма: 1","A) Әкесі балалардың жүздеріне қарады, ол қазір таңдана, қайғырып тұрды. Өзінің қалтасы көтермейтіндіктен, оларға солайша нәрседен бас тартуға тура келгені өкінішті еді. Ол заттарды ала алмады. жапсырма: 1

B) Әкесі балалардың келбетіне қарады, ол қазір таңырқап, қайғырып тұрды. Өзінің қалтасы көтермейтіндіктен, оларға соншама нәрседен бас тартуға мәжбүр болғаны өкінішті еді. Ол заттарды сатып ала алмады. жапсырма: 1

C) Әкесі балалардың жүздеріне қарады, ол қазір таңырқап, қайғырып тұрды. Өзінің қалтасы көтермейтіндіктен, оларға осынша нәрседен бас тартуға тура келгені өкінішті еді. Ол заттарды сатып ала алмады. жапсырма: 1

D) Әкесі балалардың бет-әлпетіне қарады, ол қазір таңдана, азап шегіп тұрды. Өзінің қалтасы көтермейтіндіктен, оларға соншалықты нәрседен бас тартуға тура келгені өкінішті еді. Ол заттарды сатып ала алмады. жапсырма: 1","Әкесі балалардың жүздеріне қарады, ол қазір таңдана, қайғырып тұрды. Өзінің қалтасы көтермейтіндіктен, оларға солайша нәрседен бас тартуға тура келгені өкінішті еді. Ол заттарды ала алмады. жапсырма: 1","Әкесі балалардың келбетіне қарады, ол қазір таңырқап, қайғырып тұрды. Өзінің қалтасы көтермейтіндіктен, оларға соншама нәрседен бас тартуға мәжбүр болғаны өкінішті еді. Ол заттарды сатып ала алмады. жапсырма: 1","Әкесі балалардың жүздеріне қарады, ол қазір таңырқап, қайғырып тұрды. Өзінің қалтасы көтермейтіндіктен, оларға осынша нәрседен бас тартуға тура келгені өкінішті еді. Ол заттарды сатып ала алмады. жапсырма: 1","Әкесі балалардың бет-әлпетіне қарады, ол қазір таңдана, азап шегіп тұрды. Өзінің қалтасы көтермейтіндіктен, оларға соншалықты нәрседен бас тартуға тура келгені өкінішті еді. Ол заттарды сатып ала алмады. жапсырма: 1"
