"мәтін1","мәтін2","жапсырма","idx","белгі_мәтіні"
" Массачусетс Жоғарғы Сот соты штаттағы лесбиянкалар мен гей жұптардың некеге тұруына жол ашып, үкіметтік адвокаттар оларға бұл құқықты бермеу үшін «конституциялық тұрғыдан жеткілікті себеп таба алмады» деп шешті.","АҚШ Жоғарғы Соты бір жынысты некеге рұқсат берді","0","98","тарту"
"Олимп тауы жердің ортасынан көтеріліп тұр.","Олимп тауы жердің орталығында орналасқан.","0","135","тарту"
"Соңғы шабуылдар АҚШ елшілігі мен Өзбекстан астанасындағы жоғары прокуратураға бағытталған.","Кеше Өзбекстан астанасындағы Израиль елшілігінің кіреберісінде болған террористік жарылыстар екі адамның өмірін қиды.","1","230","міндеттеме емес"
" NIH-тің 2005 қаржы жылына арналған 28,8 миллиард доллар көлеміндегі бюджеттік сұрауы Ұлттық жалпы медициналық ғылымдар институты үшін 3,4 пайызға өсіммен 2 миллиард долларды және Ұлттық зерттеу ресурстары орталығына 1,1 миллиард долларды және 2004 қаржы жылымен салыстырғанда 7,2 пайызға төмендеуді қамтиды."," Сұраныс 1,1 миллиард долларға дейін қысқартылды","1","223","міндеттеме емес"
" Джакарта Рая қаласының астаналық ауданымен қатар орналасқан, ол Яваның солтүстік-батыс жағалауындағы Чиливунг (Ливунг өзені) сағасында орналасқан.","Джакарта Ява аралының солтүстік-батыс жағалауындағы Чиливунг (Ливунг) өзенінің сағасында орналасқан.","0","170","тарту"
"Жоғарғы Сот бүгін штаттар өз тілектерін білдірмеген немесе білдіре алмайтын комадағы науқастарға өмірді сақтап қалатын емдеуді тоқтатуға тыйым салуы мүмкін деп мәлімдеді.","Өмірді қамтамасыз ету жүйесін алып тастау туралы Жоғарғы Сот шешімі бар.","0","97","тарту"
" Шарль де Голль 1970 жылы сексен жасында қайтыс болды. Осылайша, ол елу жаста еді, жақында бригада генералы (уақытша) шеніне көтерілген белгісіз офицер ретінде ол 1940 жылдың мамыр-маусым айларындағы дағдарыстан кейін Францияның нацистерге берілуін жоққа шығарып, Лондоннан әйгілі хабарын жасады.","Шарль де Голль 1970 жылы қайтыс болды.","0","17","тарту"
" «Доктор Өлім» деген атпен танымал Джек Кеворкянның Мичиган штатындағы суицидке көмектесуге тыйым салуды бұзған-бұзбағанын алғаш рет қазылар алқасы шешуі керек, ал штат науқастар өмірін қию арқылы ауырсынуын тоқтатқысы келгенде не істеу керектігін шешу мәселесін шешуді жалғастыруда.","Джек Кеворкян - «Доктор Өлімнің» шын есімі.","0","13","тарту"
" Словенияның астанасы - Любляна, халқы 270 000 адам.","Словенияда 270 000 халық тұрады.","1","270","міндеттеме емес"
" Шамамен бес айдан кейін, 1935 жылы 24 қаңтарда MOHAWK жолаушылар кемесі норвегиялық TALISMAN моторлы кемесімен соқтығысып, батып кетті, нәтижесінде 45 адам қаза тапты.","Паром апатынан 100 немесе одан да көп адам қаза тапты.","1","192","міндеттеме емес"
"Германия археологиялық институтының зерттеушілері Моңғолиядағы қазба жұмыстары кезінде мәңгілік мұзда шамамен 2500 жылдық мумия тапты.","Алтай мұз қызы үлкен дау тудырды.","1","203","міндеттеме емес"
"Романо Проди Еуропалық комиссияның төрағасы ретінде АҚШ президенті Джордж Бушпен кездеседі.","Романи Проди - АҚШ президенті.","1","163","міндеттеме емес"
"Марк Аллен Коннелли (сол кезде жерлеу қызметтері комиссиясының бас кеңесшісі болған) жазып, Дик МакНейлге (Буш тағайындаған жерлеу комиссиясының төрағасы) жіберген жазбада Коннеллидің Техас штатының шенеуніктерінен екі жерлеу комиссары SCI-де жұмыс істейтіні туралы «ақпарат алғаны» айтылған.","Марк Аллен Коннелли SCI компаниясында жұмыс істеді.","1","172","міндеттеме емес"
" Сан-Диего Падрес командасының шабуылшысы Джейк Пиви «Сент-Луис Кардиналсқа» қарсы ойында 8-5 есебімен жеңіліп, жарақат алды.","Сан-Диего Падрес командасы Сент-Луис Кардиналс командасына қарсы ойында жеңіске жетті.","1","25","міндеттеме емес"
"Миллер түсіндіргендей, қате жазылған емле оның жазбаларының Либбимен сұхбаттарға қатысы жоқ бөлімінде орын алған. Басқа жазбаларда Либбимен 2003 жылы жүргізілген 3 сұхбат құжатталған, онда ол өзінің NYT бағанында былай деп жазған: 23 маусым) ... Либби мырза Уилсон мырзаның әйелі туралы тақырыпты алғаш рет көтерді. Мен жазбаларымның ішінде жақшаның ішінде: «Әйелі бюрода жұмыс істей ме?» деп жаздым. Мен Фицджеральд мырзаға Уилсон мырзаның әйелі ЦРУ-да жұмыс істеуі мүмкін екендігі туралы маған алғаш рет айтылғанын айттым.","Джудит Миллер New York Times газетінде жұмыс істейді.","0","195","тарту"
" 12 шілдеде Португалия президенті Хорхе Сампайо Педро Сантана Лопестен үкімет құруды сұрайды. Жаңа үкімет 17 шілдеде ант береді және оған сыртқы істер министрі ретінде Антонио Монтейро, ішкі істер министрі ретінде Даниэль Санчес және қаржы министрі ретінде Антонио Баго Фликс кіреді; Пауло Портас қорғаныс министрі болып қалады.","Португалияның жаңа премьер-министрі сайланды.","0","129","тарту"
" Өйткені, Уилсон Offspring-тің үш альбомының барлығын шығарды, соның ішінде төрт ай ішінде 1 миллион дана сатылыммен барлығын таң қалдырған «Smash» альбомы да бар, бұл бұрын-соңды белгісіз болған топты Green Day тобымен бірге панк үшін бұрын-соңды болмаған коммерциялық табыс толқынының көшбасшысы ретінде танытты.","«Smash» - Offspring тобының үшінші альбомының атауы.","1","147","міндеттеме емес"
"«Шекарасыз дәрігерлер»/«Шекарасыз дәрігерлер» (MSF) халықаралық гуманитарлық көмек ұйымы Дарфурдағы барлық жерлерде зорлық-зомбылық құрбандарын емдеуді жалғастыруда.","«Шекарасыз дәрігерлер» - халықаралық көмек ұйымы.","0","10","тарту"
" Табиғаттағы алып пандалардың санының бүгінгі таңдағы ең жақсы бағасы - Қытайдың Сычуань провинциясында, сондай-ақ Шэньси мен Ганьсу провинцияларында 32 бөлек популяцияда тіршілік ететін шамамен 1100 дара.","Қытайда жабайы табиғатта 32 панда бар.","1","167","міндеттеме емес"
" Карачи қалалық ауруханасының дәрігері Икрар Аббасидің айтуынша, қаза тапқандардың бірі ата-анасымен бірге өтіп бара жатқан бала болған.","Дәрігер ата-анасының қолынан қаза тапты.","1","72","міндеттеме емес"
"Каирде қазір шамамен 15 миллион адам тұрады - бұл күн сайын шамамен 10 000 тонна қоқыс шығаратын өсіп келе жатқан халық, бұл қоғамдық қызметтерге үлкен жүктеме түсіреді. Соңғы 10 жылда үкімет қоқыс секторына жеке инвестицияларды ынталандыруға тырысты, бірақ кейбір мәліметтер бойынша күн сайын 4000 тонна қалдық қалады, олар біреудің тазалауын күтіп, ыстықта пісіп кетеді. Көбінесе ең кедей аудандардағы адамдар ең көп зардап шегеді. Бірақ кейбір аудандарда олар қарсы күресуде. Қаланың солтүстік аудандарының бірі Шубрада тұрғындар қоғамдық қоқыс төгетін орындар ретінде пайдаланылған қоғамдық орындарды тазалау үшін қоқыс жәшіктері мен щеткалармен қаруланып көшеге шықты.","Каирде күн сайын 15 миллион тонна қоқыс шығарылады.","1","2","міндеттеме емес"
" Ирактағы коалицияның жоғары лауазымды шенеунігінің айтуынша, АҚШ әскери полициясы Бағдадтың батысында тапқан мәйіт көліктен лақтырылған сияқты.","АҚШ әскери полициясы мәйітті тапты.","0","259","тарту"
"«Қолдар бөліну арқылы» қозғалысы 2001 жылдың наурыз айында құрылды және оның тікелей мақсаттарының бірі Кипрдің екі бөлігі арасында байланыс пен коммуникация еркіндігін тез арада қамтамасыз ету және «Кипр мәселесін» шешуге бағытталған ерте ілгерілеу болды.","Кипр 2001 жылдың наурыз айында екі бөлікке бөлінді.","1","36","міндеттеме емес"
" Қайтыс болған АҚШ сарбаздары мен олардың заттары Жапонияға эвакуацияланып, содан кейін АҚШ-та жерлеу үшін тоңазытқыш контейнерлерде үйлеріне жеткізілді.","АҚШ әскерилері АҚШ азаматтарын эвакуациялады.","1","15","міндеттеме емес"
"Өлім жазасы тежеуші фактор ретінде әрекет етеді.","Өлім жазасы қылмыстың алдын алудың құралы болып табылады.","0","197","тарту"
" Бұл мақалада осы дәлелдің екі жағы да ұсынылған, бірақ бұл мақалада есірткіні заңдастыру қоғамымыз үшін зиянды болатынын баса көрсету әрекеті көрсетілген.","Есірткіні заңдастырудың пайдасы бар.","1","113","міндеттеме емес"
"Аргентина министрінің ресми сапары Ұлыбритания мен Аргентина қарым-қатынастарын қалыпқа келтірудегі тағы бір қадам болып табылады.","Аргентина мен Ұлыбритания арасындағы қарым-қатынастар ынтымақтастықты арттырып келеді.","1","83","міндеттеме емес"
" Негізгі теміржол компаниясы үшін неміс, француз және итальян тілдерінде SBB, CFF және FFS ерекшеленетінін ескеріңіз.","Француз теміржол компаниясы SNCF деп аталады.","1","138","міндеттеме емес"
" Эсхил б.з.д. 525 жылы дүниеге келген және жастық шағын Афина әскерінде сарбаз ретінде өткізген. Ол «Парсылар» атты еңбегін 53 жасында жазған, бірақ бұл оның бізге жеткен ең алғашқы еңбегі.","«Парсыларды» Эсхил жазған.","0","262","тарту"
" Феникс Марста су мен микробтық тіршіліктің дәлелдерін іздестіруде. Оның мақсаты - Марстың тіршілік ету және суды сақтау қабілетін немесе қабілетсіздігін анықтау. Феникс қондырғышы робот қолды пайдаланып, топырақтың үстіңгі қабатын төмендегі болжамды су мұзына дейін қазып, сайып келгенде, топырақ пен су мұзын күрделі ғылыми талдау үшін қондырғыш платформасына жеткізеді.","Ғылыми жаңалықтар ашу үшін робот қолы қолданылған.","0","109","тарту"
" Батыс жойылып бара жатқан адамдарға емес, жойылып бара жатқан жануарларға назар аударуды жөн көрді. Африка пілдерін браконьерлер аулап, азу тістерін жұлып алып, жасырады. CITES - Жойылып бара жатқан түрлермен халықаралық сауда туралы конвенция - піл сүйегі саудасына тыйым салғанға дейін онжылдықта Африкадағы олардың саны 1,2 миллионнан 600 000-ға дейін азайды.","Халықаралық конвенция піл сүйегі саудасына тыйым салды.","0","186","тарту"
"Адела Лупсе 1988 жылы Румынияның Трансильвания аймағындағы Бихор қаласының Пойана ауылында кенші отбасында дүниеге келген. Румынияның Чаушескуден кейінгі алғашқы буынының өкілі ретінде ол теледидардың күшін жас кезінде түсінді: «Менің ойымша, теледидар - қазіргі заман бізге берген ең қызықты құбылыс... менің жеке басымның түріне қарамастан, оны таңқаларлық деп санаймын, теледидардың бүкіл әлемге тараған күші... Біз теледидар насихаттайтын адамдар сияқты киінеміз. Біз теледидар шығаратын атақты адамдарға ұқсағымыз келеді».","Бихор Румынияда орналасқан.","0","92","тарту"
" Ал, керісінше ұсыныстарына қарамастан, Oracle компаниясы PeopleSoft және JD Edwards қаржылық бағдарламалық жасақтамасын жаңа тұтынушыларға қайта сату арналары арқылы сатады.","Oracle қаржылық бағдарламалық жасақтама сатады.","0","60","тарту"
"Ең ұзақ күн ұзарады. Нормандияға алғашқы қонудың 25 жылдығын тойлау үш күнге созылды; 50-ші күн бір жылға созылады.","Нормандия қондыруының 50 жылдығы бір жылға созылады.","0","34","тарту"
" Бұл өсім ұзаққа созылмады, өйткені швед шапқыншылығы (1655-56) гүлденген Варшава қаласын қиратты."," Варшаваны 1655 жылы шведтер басып алды, қала қирады.","0","85","тарту"
"Ұлыбританияның тақ мұрагері ханзада Чарльз 34 жыл бойы бірге болған сүйіктісі Камилла Паркер Боулзға үйленетінін мәлімдеді. Баспасөз мәлімдемесінде Уэльс ханзадасы: «Паркер Боулз ханым екеуміз қатты қуаныштымыз. Бұл біз және отбасымыз үшін өте ерекше күн болады», - деді. Паркер Боулз ханым некеден кейін «Корнуолл герцогинясы» атағын қолданады, ал ханзада таққа отырғаннан кейін Паркер Боулз ханым «Ханшайымның әйелі» атағын қолданады деп жоспарлануда. Жұп 2005 жылдың 8 сәуірінде Виндзор қамалында өтетін жеке азаматтық рәсімде үйленеді, бұл негізінен достары мен отбасы мүшелері үшін оқиға болады. Содан кейін Кентербери архиепископы доктор Роуэн Уильямс жүргізетін Әулие Георгий капелласында дұға ету және бағыштау қызметі өтеді.","Камилла Паркер Боулз Ұлыбританияның мұрагеріне үйленді.","0","100","тарту"
"Ең көп сұранысқа ие және ең қымбат бұйым Хепберн 1960 жылдары жасаған Спенсер Трейсидің қола бюсті болды.","Ең көп сатылған бұйым - Хепберннің 1960 жылдары жасаған актерлік сүйіктісі Спенсер Трейсидің қола бюсті.","0","257","тарту"
" Актер Кристофер Ривтің жесірі Дана Рив 44 жасында өкпе рагынан қайтыс болды, деп хабарлайды Кристофер Рив қоры.","Кристофер Рив апатқа ұшырады.","1","0","міндеттеме емес"
"Бхутто ханымның бас көмекшісі, сенатор Латиф Хосаның айтуынша, Бхутто ханым өлтірілген күні АҚШ-қа келген екі заң шығарушыға сайлаушыларды тіркеуге қатысты үкіметтің сайлау алдындағы бұрмалауларының және ХПП жақтастарын қорқытудың көптеген жағдайларын сипаттайтын қалың құжат бермек болған. «Онда бәрі, бізде бар барлық дәлелдермен және жұмыс істеп жатқан шетелдік бақылаушылардың тәуелсіз есептерімен бірге жазылған. Олардың есептері де біздің маңызды және шындыққа жанасатындығы туралы айыптауларымызды растады. Сондықтан олардың барлығы жазылған, бірақ өкінішке орай, ол есепті ұсына алмады, себебі ол мұны істей алмай тұрып өлтірілген», - деді Хоса.","Латиф Хоса Бхутто ханыммен қарым-қатынаста болған.","1","89","міндеттеме емес"
" Мәскеу Азов теңізінің суы ортақ пайдалануда қалуы керек деп санайды, бірақ Киев нақты бөлуді талап етеді.","Аумақтық сулар бойынша дау бар.","0","148","тарту"
" Шерифтің ресми өкілдері роботты Вентура округінде пайдалануға болатынын айтты, онда бомба жасағы биыл 40-тан астам қоңырауға жауап берді.","Полиция бомбаларды өңдеу үшін роботтарды пайдаланады.","0","234","тарту"
"Квебектік әйел мен оның анасы төрт жасар қызды өлтірмек болды деп айыпталуда.","Квебектік әйел төрт жасар қызды өлтірді.","1","150","міндеттеме емес"
" Жоспарды жақында болған апаттан кейін әлі есін жиып жатқан Денсаулық сақтау және әлеуметтік қызметтер министрі Томми Томпсонның атынан Дин мырза денсаулық сақтау саласындағы ақпараттық технологиялар жөніндегі хатшылық саммитінде жариялады, оған электрондық денсаулық сақтау жазбалары саласындағы көптеген көшбасшылар қатысты.","Дин мырза Денсаулық сақтау және әлеуметтік қызметтер министрі.","1","41","міндеттеме емес"
" Бүгін Пенсильвания штатының полицейінің сүйіктісінің ажырасқан күйеуін өлтірді деп айыпталған ісі бойынша сот процесі басталды. 43 жастағы Кевин Фоли әйелі Мишельден ажырасу туралы соңғы шешім шығарып жатқан тіс дәрігері Джон Елениктің тамағын кесті деп айыпталуда. Прокурорлардың айтуынша, Фоли «доктор Еленикті жек көргені соншалық», ол Елениктің Блэрсвиллдегі үйінде болған кісі өлтіруді жасауға көмектесуін сұраған.","Еленик асырап алған ұлын зорлады.","1","142","міндеттеме емес"
"26 мүшесі бар Халықаралық энергетика агенттігі жұма күні мүше елдер Катрина дауылынан туындаған АҚШ-тағы отын дағдарысын жеңілдету үшін мұнай шығаратынын мәлімдеді.","Халықаралық мұнай агенттігі нарыққа 60 миллион баррель мұнай мен бензинді қолжетімді етеді.","1","228","міндеттеме емес"
" Хадлидің айтуынша, Иордания Буш пен Әл-Маликидің кездесу орны ретінде Ирактағы бірлік үкіметін қолдайтыны және Буштың аймақта болатыны үшін таңдалған.","Буш Хадлиде әл-Маликимен кездеседі.","1","258","міндеттеме емес"
" НЬЮ-ЙОРК – Сомали қарақшылары сейсенбі күні гуманитарлық көмек тасымалдайтын американдық кемеге шабуыл жасап, зақымдады, бірақ кеме мен экипаж Әскери-теңіз күштерінің күзетінің астында қауіпсіз жерде болды, деп хабарлады әскери және кеме компаниясы. Кеменің иесі Liberty Maritime Corp компаниясының айтуынша, қарақшылар аштықтан зардап шеккен африкалық елдерге азық-түлік тасымалдайтын Liberty Sun кемесіне зымыранмен атқылады. Шенеуніктердің айтуынша, кеме шамамен 20 адамнан тұратын экипажбен Хьюстоннан Кенияның Момбасаға бара жатқан.","Қарақшылар Liberty Maritime кемесіне зиян келтірді.","1","206","міндеттеме емес"
"Өлім жазасы әлі де қолданылып келе жатқан елдерде қылмыс деңгейі, әсіресе кісі өлтіру, өлім жазасы алынып тасталған елдермен салыстырғанда айтарлықтай төмен екені байқалды.","Өлім жазасы қылмыстың алдын алудың құралы болып табылады.","0","161","тарту"
"Анжер соты негізгі айыпталушы Филп В.-ге төрт айдан бастап 28 жылға дейін бас бостандығынан айыру жазасын тағайындады. Сот оның ұлы Франк В. және Франктың бұрынғы жұбайы Патрисия М.-мен бірге 45 баланы, көбінесе жұптың пәтерінде зорлаған жыныстық қатынасқа түсушілер тобын құрушылардың бірі болғанын анықтады. Алты айдан 12 жасқа дейінгі балаларға жасалған зорлық-зомбылық Францияның батысындағы Анжер қаласының кедей және мұқтаж ауданында орын алған. Айыпталушылардың көпшілігі кедей және жәрдемақымен өмір сүрген, ал кейбіреулері ақыл-есі кем адамдар болған. Олардың шамамен 20-сы айыптауларды мойындады, ал басқалары жыныстық қатынасқа түсу тобы туралы ешқашан естімегендерін мәлімдеді.","Франк В. Анже қаласынан шыққан.","1","194","міндеттеме емес"
" Біз Муссолинидің соңғы көңілдесі Кларетта Петаччидің күні бойы төсекте жатып, шоколад жеп, ыңырсуға бейім болғанын білеміз.","Кларетта Петаччи Муссолинидің соңғы қожайыны болды.","0","111","тарту"
"Грек құдайларының мекені Фессалиядағы Олимп тауының басында болған.","Олимп тауы Фессалияда орналасқан.","0","187","тарту"
"Біріккен Корольдік, Түркия, «ескі» Британдық Достастық күштері (Жаңа Зеландия, австралиялықтар, канадалықтар, гуркхалар, Үндістан), Германия, Польша, Вьетнам, АҚШ, Ресей, Франция, Қытай (бірақ тек кейбіреулері) Жапонияның кейбір бөлімшелері қосылады, бірақ мен айқын себептермен жапон сарбаздарына «құрмет» сөзін қолдануға ыңғайсызданамын.","Гурхалар Непалдан шыққан.","1","61","міндеттеме емес"
"Рен мен Стимпи. Багз Банни. Филип Дж. Фрай және профессор Хьюберт Фарнсворт Футурама туралы. Спаркс. Биполярлық аю. Теңізші Попай. Вуди Тоқылдақ. Сіз Билли Уэстті естімеген шығарсыз, бірақ теледидар бағдарламасында, фильмде, жарнамада немесе 1990 жылдардағы Ховард Стерннің дыбыстау гуруы ретінде оны естіген шығарсыз. Уэсттің дауысын бұрмалау арқылы жеке тұлғаларды жасау таланты оны өз таланттарымен танымал болған бірнеше дыбыстау актерлерінің бірі етті - Хэнк Азария мен марқұм Мел Блан. Шынында да, Уэст - Бланктың ең жақсы кезеңінде бейнелей алатын, соның ішінде Багз Банни, Даффи Дак, Элмер Фадд және Warner Bros. мультфильмдеріндегі басқа кейіпкерлердің кейіпкерлерін сомдайтын бірнеше дыбыстау актерлерінің бірі.","Bugs Bunny Warner Bros компаниясына тиесілі.","0","110","тарту"
" АҚШ-пен төрт күндік келіссөздер басталды, онда Джордж Буш үш жыл бұрын билікке келгеннен бері Солтүстік Кореяға алғашқы маңызды келісім жасалғаны жарияланды.","Джордж Буш АҚШ президенттігіне 3 жыл бұрын келді.","0","181","тарту"
"Югославия итальяндықтарының аз бөлігі Словенияға қоныстанды (1991 жылғы ұлттық халық санағында Словенияның шамамен 3000 тұрғыны өздерін этникалық итальяндықтар деп жариялады).","Словенияда 3000 тұрғын бар.","1","30","міндеттеме емес"
"Пьюджет-Саунд өзенінде теңіз өсімдіктерінің маңызды түрлерге мекендеу ортасын қамтамасыз етудегі маңызды рөліне байланысты теңіз балдырларын жинауға рұқсат етілмейді.","Теңіз өсімдіктері жиналады.","1","47","міндеттеме емес"
"Халықтың жартысынан көбін құрайтын әйелдер басқа әйелдерге дауыс береді және олардың мәселелері парламентте қарастырылуын қамтамасыз етеді деп үміттенеміз.","Парламентте әйелдердің өкілдігі нашар.","1","84","міндеттеме емес"
"Осылайша, 29 жастағы штаттан тыс журналист Ханнамды Азияның ең үлкен жұмбақтарының бірін шешуге бағытталған халықаралық ізденіске алып келген сапар басталды: 1971 жылы Мао төрағаны құлатуға арналған қастандық жасады деп айыпталған Қытай Коммунистік партиясының жетекшісі Линь Пяоға не болды?","Линь Пяо Қытай Коммунистік партиясының жетекшісі болды.","0","152","тарту"
"Бьорк екі жыл ішінде алғашқы тікелей эфирде өнер көрсеткеніне қарамастан, 10 000 адамдық көрермен Токио маңындағы Макухаридегі зал сыйатын сыйымдылықтың жартысы ғана болды.","Токиода 10 000 адам тұрады.","1","198","міндеттеме емес"
"Альцгеймер ауруының бастапқы алдын алу қазіргі уақытта мүмкін емес.","Альцгеймер ауруы дәрі-дәрмектермен емделеді.","1","58","міндеттеме емес"
"Ресей қоғамдық телеарнасының басшысы Владислав Листьевті белгісіз қарулы адам Мәскеудегі үйінің сыртында жүрегінен атып өлтірді. Шабуыл оның телеарнаға жарнама беруге тыйым салу туралы ұсынысына қарсы болғандармен байланысты.","Владислав Листьев Мәскеуде өлтірілді.","0","214","тарту"
"Коммерциялық ағаштың көп бөлігі Гондураста өсіріледі.","Өсімдіктер суда немесе топырақтан басқа заттарда өсіріледі.","1","249","міндеттеме емес"
"Лики жылына 450 миллион доллар (308 миллион фунт стерлинг) кіріс әкелетін туристік индустрияның негізін қалаушы Кенияның бай жабайы табиғатын тиімді және тұрақты түрде басқаруға болады деп сенді.","Африка елдері туристерді тарту үшін жануарларды тірі ұстауға шақырады.","1","65","міндеттеме емес"
" Біріккен Ұлттар Ұйымының (БҰҰ) хабарлауынша, Сербияның Косово провинциясында Біріккен Ұлттар Ұйымының көлігіне шабуыл жасалып, кем дегенде бір азаматтық полицей қаза тапты.","Азаматтық полицей қаза тапты.","0","226","тарту"
"Ресейлік ғарышкер Валерий Поляков 1994-1995 жылдар аралығында ғарышта үздіксіз 438 күн өткізген ең ұзақ уақыт бойынша рекорд орнатты.","Ресейліктер ғарышта ең ұзақ болу бойынша рекорд орнатты.","0","46","тарту"
"Бұл өткен жылғы Галифакс саммитінен алынған үй тапсырмасының бір түрі. Халықаралық ұйымдардың әртүрлі қызметін қалай рационализациялау және үйлестіру керектігі туралы талқылаулар болды.","Галифакста өткен G7 саммитінде қаржылық реформалар ұсынылды.","1","209","міндеттеме емес"
" Зерттеу көрсеткендей, қызыл шарапта кездесетін зат берілген тышқандар майлы тамақтанғанына қарамастан ұзақ өмір сүрген."," Майлы тамақтанғанына қарамастан, қызыл шараппен қоректенген тышқандар ұзақ өмір сүрді.","1","16","міндеттеме емес"
"Бірақ олардың қойылымы жеткізген хабар көбінесе қайғылы және ащы болды. Жолда небәрі үш апта болғаннан кейін, екі итальяндық суретшінің бірі, 33 жастағы Пиппа Бакка, оған көлік ұсынған жүргізушінің қолынан қаза тапты. Оның жалаңаш денесі 11 сәуірде күдікті тергеушілерді оқиға орнына алып келгеннен кейін түрік ауылының маңындағы бұталардан табылды. Өлімнің ресми себебі айтылмаса да, жергілікті түрік билігі Бакка ханым зорланып, тұншықтырылғанын мәлімдеді.","Пиппа Бакка - итальяндық бейбітшілік белсендісі.","1","217","міндеттеме емес"
"Бейсенбіде Бхутто ханымның өлтірілуі Пәкістан халқын көпшілік дағдарыс деп санайтын жағдайға душар етті, бүкіл елде зорлық-зомбылықпен наразылықтар болды. Шенеуніктердің айтуынша, зорлық-зомбылық ондаған миллион доллар шығын әкелген. Өлім-жітімнің көпшілігі Бхутто ханымның саяси бекінісі болып табылатын оңтүстік Синд провинциясында болды. Қауіпсіздік жағдайының нашарлауы сенбі күні президент Мушаррафқа қауіпсіздік басшыларына зорлық-зомбылықпен наразылық білдірушілермен қатаң күресуді бұйырды.","Мушарраф тәртіпсіздіктерге қатысушыларға қауіпсіздік күштеріне қарсы қатаң шаралар қолдануды бұйырды.","1","265","міндеттеме емес"
" Париждің сыртындағы қиын жағдайдағы Euro-Disney ойын-сауық саябағының жұмысы соншалықты нашар, егер несие берушілерден көмек алмайтын болса, жабылуы мүмкін, деді Walt Disney компаниясының төрағасы жұма күні жарияланған сұхбатында.","Euro-Disney - Париждің сыртындағы ойын-сауық саябағы.","0","180","тарту"
"Дәріге төзімді бактериялардың көбеюіне байланысты көптеген алаңдаушылық бар.","Бактериялар антибиотиктерге қарсы соғыста жеңіске жетуде.","1","168","міндеттеме емес"
"Бірнеше сағат бұрын Ясир Арафат Израиль сайлауына екі апта қалғанда Израиль азаматтарына қарсы шабуылдарды тоқтатуға шақырды.","Арафат Израильдегі жанкештілік шабуылдарды айыптады.","1","130","міндеттеме емес"
"2001 жылғы жекпе-жекте ми жарақатын алған бұрынғы WBA ауыр салмақтағы чемпионы Грег Пейдж 50 жасында Луисвиллдегі үйінде қайтыс болды. Пейдждің әйелінің айтуынша, бұрынғы чемпион бокс жарақаттары мен сал ауруынан туындаған асқынулардан қайтыс болды. Сәтті әуесқой мансабынан кейін Пейдж 1979 жылы басталған кәсіби мансабында 58-17-1 есебімен жеңіске жетті және Джимми Янг, Джеймс Тиллис, Ренальдо Снайпс, Джерри Котзее (WBA титулы үшін), Джеймс «Бонекрушер» Смит және Тим Уизерспунды жеңді. Пейдждің жеңілістері 1980 жылдардағы ауыр салмақтағы боксшылардың: Тревор Бербик, Уизерспун, Тони Таббс, Бастер Дуглас, Джо Бугнер, Орлин Норрис, Донован «Рейзер» Раддок, Брюс Селдон, Монте Барретт және Хорхе Луис Гонсалесті жеңді.","Грег Пейдж боксшы болған.","0","99","тарту"
"Кеден қызметі қабылдаған жаңа қауіпсіздік шаралары террористің ядролық қаруды заңсыз тасымалдауын тоқтату үшін жеткіліксіз болуы мүмкін.","Шетелдіктердің заңсыз тасымалын тоқтату үшін шаралар қабылдануда.","1","107","міндеттеме емес"
"Ssangyong Motor компаниясы 1997-98 жылдардағы Азия қаржы дағдарысы кезінде ауыр қарыздар салдарынан банкротқа ұшырағаннан кейін несие берушілердің қолына өтті.","Азиялық қаржы дағдарысы Ssangyong Motor компаниясын басып алды","1","62","міндеттеме емес"
" Салық заң жобалары жазылып, ұсынылатын Жолдар мен құралдар комитетінің демократ мүшелерінің шағын бизнестің дауыс беру тарихында жақсы көрсеткіштері жоқ.","Демократиялық партия мүшелерінің шағын бизнес өкілдерінің дауыс беру көрсеткіштері жақсы болды.","1","82","міндеттеме емес"
"КАМДЕН, Нью-Джерси (Reuters) — Сейсенбі күні Албаниядан келген үш мұсылман бауыр Форт-Дикс әскери базасында американдық сарбаздарды өлтіру жоспары үшін өмір бойына бас бостандығынан айырылды, прокурорлардың айтуынша, бұл жоспар Америка Құрама Штаттарына қарсы қасиетті соғыс идеясынан шабыттанған. Заңсыз иммигранттар, 30 жастағы Дритан Дука, 28 жастағы Шаин Дука және 25 жастағы Эльвир Дука, әрқайсысы шартты түрде мерзімінен бұрын босату мүмкіндігінсіз өмір бойына бас бостандығынан айырылды. Нью-Джерси штатындағы Черри Хиллде шатыр жабатын бизнеспен айналысқан үшеуі желтоқсанда Филадельфиядан шығысқа қарай шамамен 40 миль жердегі базада шабуыл жасауды жоспарлағаны үшін сотталған бес шетелдік мұсылманның қатарында болды. Шабуыл ешқашан жасалған жоқ.","Элджвир Дука Албаниядан шыққан.","0","22","тарту"
" Аурухана қызметкерлерінің айтуынша, Израиль күштері мен қарулы адамдар арасындағы қақтығыста бір палестиналық қаза тауып, 10 адам жараланған."," Бір палестиналық қаза тауып, басқалары жараланды.","0","216","тарту"
" Ана сүтіндегі қосылыс көптеген тері сүйелдерін жоятыны анықталды, бұл оның жатыр мойны обыры мен сол вирус тудыратын басқа да өлімге әкелетін ауруларға қарсы тиімді болуы мүмкін деген үміт тудырады.","Емшек сүті жатыр мойны обырымен күресуге көмектесуі мүмкін.","0","40","тарту"
" 2010 жылғы Райдер Кубогын Уэльске өткізуге сәтті өтінім берілгеннен кейін, Уэльс Туристік Кеңесі іс-шарадан алынатын пайданың бүкіл ел бойынша сезілуін қамтамасыз ету үшін тапсырыс беру жұмыстарына аз уақыт жұмсады.","Уэльс 2010 жылғы Райдер Кубогын қабылдайды.","0","7","тарту"
" 27 желтоқсанда болған апатты жер сілкінісі Жерді шарпыған радиацияның жарылуына себеп болды деп есептеледі, ол жер серіктеріндегі аспаптарды зақымдап, атмосфераны жарықтандырды.","27 желтоқсанда Жер атмосферасын сәулелендірген радиация жарқылы пайда болды.","0","141","тарту"
" Біз осы екі истеблишмент отбасы арасындағы керемет қарым-қатынасты және партияның ұлы, Техас губернаторы Джордж Буш пен оның әйелі Элизабет Доулдың 2000 жылғы сайлау науқанында қалай табысқа жететінін қарастырамыз.","Джордж Буштың әйелінің аты - Лаура.","1","121","міндеттеме емес"
"Колумбия Әкімшілік Қауіпсіздік Департаментінің (DAS) бастығы генерал Мигель Маза Маркес бүгін 18 тамызда Боготада сенатор және Либералдық партиядан президенттікке кандидат Луис Карлос Галанның өлтірілуіне шетелдіктердің қатысқанын растады.","Луис Карлос Галанды өлтіруге генерал Мигель Маза Маркес қатысты.","1","166","міндеттеме емес"
"Браун дүйсенбіде әріптесі, сыртқы сауда министрі У Идің Қытайдың жыл соңына дейін Тарифтер мен сауда жөніндегі бас келісімге (ГАТТ) қосылу әрекеті сәтсіз аяқталса, Бейжің бұрынғы сауда-экономикалық міндеттемелерімен байланысты болмайды деген қорқытуын жоққа шығарды.","У И - Қытайдың сыртқы сауда министрі.","0","229","тарту"
"Мысырдың көрнекті археологы Захи Хавас Клеопатра мен Марк Антонийдің жерленген жерін ашуға әкелуі мүмкін алғашқы ежелгі артефактілерді ашты. Экспедиция тұмарларды, Клеопатраның бейнесі мен аты жазылған 22 қола тиынды, патша мүсінін, Марк Антонийге ұқсайтын алебастр маскасын және Клеопатра мүсінінің бюстін тапты. «Марк Антонийдің бетіне қарасаңыз, көпшілік оның иегінде осындай жырық бар деп сенді, сондықтан мен бұл Марк Антоний болуы мүмкін деп ойладым», - деді Хавас. «Менің ойымша, егер бұл қабір табылса, бұл Клеопатра мен Марк Антонийдің арасындағы махаббатқа және олардың өлімінің қайғылы оқиғасына байланысты 21 ғасырдың ең маңызды жаңалықтарының бірі болады. Бұл оларды жасыруға тамаша орын», - деді Хавас.","Клеопатра мен Марк Антоний Мысырда өмір сүрген.","1","213","міндеттеме емес"
"Орыс текті американдық журналист Хлебников сол кеште Мәскеудегі кеңсесінің сыртына шыққан кезде өтіп бара жатқан көлікте кем дегенде бір кісі өлтірушіден төрт рет оқ атқан.","Владислав Листьев Мәскеуде өлтірілді.","1","133","міндеттеме емес"
" Amazon акциялары нәтижелерден кейін шамамен 4 пайызға төмендеді, себебі компания екінші тоқсанда операциялық кіріс 42 пайызға дейін төмендейді деп мәлімдеді.","Amazon акциялары 4 пайызға төмендеді.","1","38","міндеттеме емес"
"Ла-Пас, 30 мамыр 1989 жыл - Ла-Пас департаментінің полиция қызметкерлері екі жас АҚШ азаматының өліміне қатысты тергеуді осы қылмысты анықтау үшін арнайы шақырылған мамандандырылған топ жүргізіп жатқанын мәлімдеді.","1989 жылдың 30 мамырында екі жас АҚШ азаматы қаза тапты.","1","94","міндеттеме емес"
"Шенеуніктердің айтуынша, Гвинея-Бисау президенті Жоау Бернарду Виейра дүйсенбі күні өз сарайында басқыншы сарбаздардан атып өлтірілген. «Президент Виейра бүгін таңертең штаб бастығы Тагме На Вайеге жақын сарбаздар тобының шабуылына ұшыраған үйінен қашуға тырысқан кезде армия тарапынан өлтірілді», - деді әскери өкіл Замора Индута Agence France-Presse агенттігіне «бұл мемлекеттік төңкеріс емес» деп мәлімдеп.","Бернардо Виейра Гвинея-Бисау президенті болды.","0","63","тарту"
"Гарвард қоғамдық денсаулық сақтау мектебінің зерттеушілері кофе ішетін адамдар өздерін сергек ұстаудан әлдеқайда көп нәрсе істеуі мүмкін екенін айтады - мұндай тұтыну аурулардың қаупін азайтуға да көмектеседі.","Кофе ішудің денсаулыққа пайдасы бар.","0","88","тарту"
"Craigslist сайтында кездескен эротикалық массажистті өлтірді деп айыпталған медицина студенті 100 000 доллардан астам студенттік несие қарызына батып кеткен және сот құжаттарына сәйкес, соншалықты кедей болғандықтан, адвокатқа ақы төлеуге шамасы келмейді. Бостон университетінің медициналық мектебінің 23 жастағы студенті Филип Маркофф 130 000 доллар студенттік несие қарыз және ата-анасынан ақша алмайды, бұл оны қорғау үшін салық төлеушілер қаржыландыратын адвокатқа жүгінуге мәжбүр етеді, деп хабарлайды Бостон муниципалды сотының оны кедей деп таныған сот құжаты. Маркофф Нью-Йорк-Олбани мемлекеттік университетін бітірген және BU медициналық факультетінің екінші курс студенті болған.","Медицина студенті Филип Маркофф құда түсіпті.","1","78","міндеттеме емес"
"Meadows қаңтар айындағы ""Law & Order"" эпизодында шағын рөл сомдады."," Meadows қаңтар айында эфирге шыққан ""Law & Order"" эпизодында пайда болды.","0","116","тарту"
" Порт-о-Пренс қаласының Аристидті жақтайтын мэрі Эванс Пол оған ақшаның Гаитидің демократиялық жолмен сайланған алғашқы президенті Аристидтің оралуына қарсы науқан жүргізу үшін американдық лоббистерге, саясаткерлерге және журналистерге жұмсалатыны айтылғанын айтты.","Эванс Пол - Порт-о-Пренс қаласының мэрі.","0","231","тарту"
" АҚШ күштері көтерілісшілер Ирактың бірнеше қалаларында, соның ішінде Фаллуджа мен Бакубада бір уақытта шабуылдар жасағаннан кейін қарқынды шайқастарға араласты.","Фаллуджа мен Бакуба - Ирак қалалары.","0","27","тарту"
" Хепберннің платина, гауһар және сапфирмен безендірілген брошы небәрі 20 000 долларға бағаланған, бірақ ол болжамды бағасынан алты есе көп, яғни 120 000 долларға сатылған.","Хепберннің гауһар мен сапфирден жасалған брошы 120 000 долларға сатылды.","0","20","тарту"
"Итальяндық кинорежиссер Феллини өмір бойы сіңірген еңбегі үшін құрметті «Оскар» сыйлығымен марапатталды. Ол 1993 жылы 31 қазанда қайтыс болды.","Итальяндық режиссерге құрметті «Оскар» сыйлығы берілді.","0","201","тарту"
" Отаго университетінің Крайстчерч медицина мектебінің зерттеушілері жүргізген жаңа зерттеу крестгүлді көкөністерде кездесетін кейбір химиялық қосылыстардың химиотерапияға төзімді қатерлі ісік жасушаларын жоюға көмектесетінін анықтады. Зерттеу Cancer Research журналында жарияланды. Зерттеу тобы изотиоцианаттар деп аталатын химиялық заттардың қатерлі ісік жасушаларының суицидіне себеп болатынын анықтады. Бұған Bcl-2 ақуызының жоғары деңгейі бар жасушалар кіреді, бұл оларды химиотерапияға төзімді етеді. Изотиоцианаттар крестгүлді көкөністерде табиғи түрде кездеседі. Оларға қырыққабат, қырыққабат, брокколи, гүлді қырыққабат, бок чой, шалғам және су кресі және басқалары жатады.","Брокколидің құрамында изотиоцианаттар бар.","0","153","тарту"
"Мемлекеттік департаменттің Куба істері жөніндегі кеңсесінің басшысы Кевин Уитакер Лазомен ұлдарына виза беру туралы екі рет сөйлесті.","Кевин Уитакер - Мемлекеттік департаменттің менеджері.","0","240","тарту"
" Аляскадағы Редут жанартауы сенбі күні атқылады, нәтижесінде мыңдаған фут биіктікке күл бұлттары көтерілді. Федералды авиация әкімшілігінің мәліметі бойынша, күл әуежайға жеткеннен кейін Тед Стивенс атындағы Анкоридж халықаралық әуежайы жабылды. Әуежай өкілі Джереми Линдсет әуежайға аз ғана күл жеткенін, бірақ күл ұшақтардың қозғалтқышында ақаулар тудыруы мүмкін болғандықтан, жұмысты бұзуға жеткілікті мөлшерде болғанын айтты. Ол атқылау салдарынан қанша рейске әсер еткенін нақты білмейтінін айтты.","Тед Стивенс Анкоридж халықаралық әуежайы Джереми Линдсеттің жұмыс берушісі болып табылады.","0","51","тарту"
"Джулиана Сгрена бүгін Ирактағы тұтқыннан босатылды. Итальяндық журналист дәл бір ай бұрын Бағдадта Il Manifesto газетіне репортаж жасап жүрген жерінен ұрланған. Ислам джихады ұйымы оны 4 ақпанда Италиядан барлық әскерлерін Ирактан шығаруды талап етіп кепілге алған. 16 ақпанда Сгрена ханымның Италияның Ирактан шығуын жалбарынып тұрғаны анық бейнеленген бейнежазба жарияланды. Алайда, бейнежазбаға қарамастан, Италия Сенаты Ирактағы әскери күштерінің болу мерзімін ұзартуға дауыс берді.","Иракта әйел журналист ұрланды.","0","69","тарту"
